,address_id,postal_code,district,region,customer_id,birthdate,gender,job_type,email_provider,flag_phone_provided,flag_privacy,customer_age,account_id,favorite_store,loyalty_type,loyatlty_status,activation_date,order_id,store_id,product_id,direction,gross_price,price_reduction,purchase_datetime,product_class
0,6962,29121,PC,EMILIA ROMAGNA,7821,1984-10-03,M,0,gmail.com,1.0,True,38.0,204577,11,standard,1,2022-04-06,cff01b663e65a4a426add3d3591dd113,11,33700716,1,0.2,0.0,2022-08-23 13:13:03,10
5,228406,24022,BG,LOMBARDIA,246969,1978-12-27,F,0,personal_mail_provider_7382,1.0,True,44.0,154929,12,business standard,1,2022-03-13,8f7735a267cccb1e922a38d31b8f4b0b,40,33700716,1,0.2,0.0,2022-07-21 11:50:07,10
7,278496,125,RM,LAZIO,298715,1977-04-29,F,0,gmail.com,0.0,True,46.0,211463,33,standard,1,2022-04-08,8025322b509df76b6684eca2d262fde7,39,33700716,1,0.2,0.02,2022-06-03 09:22:35,10
8,278496,125,RM,LAZIO,298715,1977-04-29,F,0,gmail.com,0.0,True,46.0,211463,33,standard,1,2022-04-08,61b4e60e8f1503508a0f739e43b49df1,39,33700716,1,0.2,0.0,2023-03-28 12:30:35,10
9,385332,6059,PG,UMBRIA,406505,1976-04-26,F,0,gmail.com,1.0,True,47.0,332900,9,premium,1,2022-06-02,de7f5649c28e00f03cace55339474a35,9,33700716,1,0.2,0.0,2022-08-04 18:25:49,10
10,677496,50058,FI,TOSCANA,693062,1971-10-17,M,0,hotmail.com,1.0,True,51.0,698592,47,premium,1,2022-12-06,f3e8749bb13f1a4e4499a08834121dec,47,33700716,1,0.2,0.0,2023-01-31 12:51:51,10
11,677496,50058,FI,TOSCANA,693062,1971-10-17,M,0,hotmail.com,1.0,True,51.0,698592,47,premium,1,2022-12-06,4e38c0f4bc8a0a0349d70b64fe8f07f6,47,33700716,1,0.2,0.0,2023-02-08 13:00:21,10
12,677496,50058,FI,TOSCANA,693062,1971-10-17,M,0,hotmail.com,1.0,True,51.0,698592,47,premium,1,2022-12-06,f7ec0672d8e8a959003d133dfefa33a2,47,33700716,1,0.2,0.0,2023-02-23 13:40:39,10
13,677496,50058,FI,TOSCANA,693062,1971-10-17,M,0,hotmail.com,1.0,True,51.0,698592,47,premium,1,2022-12-06,8680447373fe53f7f03e6aff10ecc1fe,47,33700716,1,0.2,0.02,2023-04-01 12:54:56,10
14,677496,50058,FI,TOSCANA,693062,1971-10-17,M,0,hotmail.com,1.0,True,51.0,698592,47,premium,1,2022-12-06,84ef52819a57cb6b1231b4dda137464b,47,33700716,1,0.2,0.0,2023-04-23 12:50:27,10
45,430731,30171,VE,VENETO,451758,1980-01-22,M,0,libero.it,1.0,True,43.0,384262,44,business standard,1,2022-06-28,d99900a3daa5b5d332efbb076680f47f,44,33700716,1,0.2,0.0,2022-10-05 18:54:45,10
52,625158,148,RM,LAZIO,640999,1974-07-11,F,0,hotmail.it,1.0,True,48.0,635657,33,premium,1,2022-11-08,ab5a674b6e9939cd62be6e12cbeb3386,33,33700716,1,0.2,0.0,2022-11-08 18:58:01,10
53,625158,148,RM,LAZIO,640999,1974-07-11,F,0,hotmail.it,1.0,True,48.0,635657,33,premium,1,2022-11-08,806eb79551b5274f115bcc128e123b7f,33,33700716,1,0.2,0.0,2022-11-16 09:50:01,10
54,625158,148,RM,LAZIO,640999,1974-07-11,F,0,hotmail.it,1.0,True,48.0,635657,33,premium,1,2022-11-08,c825e2a78b329c711bce5119b19cfdba,33,33700716,1,0.2,0.02,2022-11-25 13:13:32,10
55,625158,148,RM,LAZIO,640999,1974-07-11,F,0,hotmail.it,1.0,True,48.0,635657,33,premium,1,2022-11-08,34f711f4f390bd219547a71ea59117f0,33,33700716,1,0.2,0.0,2022-12-29 13:20:20,10
80,301259,84014,SA,CAMPANIA,322448,1985-03-11,F,0,libero.it,1.0,True,38.0,236765,3,standard,1,2022-04-19,2defefa5469bbda39dee4dedf13528af,3,33700716,1,0.2,0.0,2023-04-02 14:49:27,10
85,28699,20861,MB,LOMBARDIA,34088,1979-04-23,F,self-employed,gmail.com,1.0,True,44.0,44903,36,premium,1,2022-01-24,d625bee416c41cd0b62eb0c292135b44,36,33700716,1,0.2,0.0,2022-05-03 19:29:05,10
86,28699,20861,MB,LOMBARDIA,34088,1979-04-23,F,self-employed,gmail.com,1.0,True,44.0,44903,36,premium,1,2022-01-24,60b9da941101eb676cc7cb895320e510,10,33700716,1,0.2,0.0,2022-05-14 18:54:08,10
87,28699,20861,MB,LOMBARDIA,34088,1979-04-23,F,self-employed,gmail.com,1.0,True,44.0,44903,36,premium,1,2022-01-24,79af49ff751bb26775b43975fb372590,36,33700716,1,0.2,0.0,2022-06-02 11:25:53,10
88,28699,20861,MB,LOMBARDIA,34088,1979-04-23,F,self-employed,gmail.com,1.0,True,44.0,44903,36,premium,1,2022-01-24,cbc543e1e5c763a56a76d56f8a633e45,36,33700716,1,0.2,0.0,2022-06-05 11:36:04,10
89,28699,20861,MB,LOMBARDIA,34088,1979-04-23,F,self-employed,gmail.com,1.0,True,44.0,44903,36,premium,1,2022-01-24,de312e6526a9993918f3de24bae6722e,36,33700716,1,0.2,0.0,2022-07-12 19:05:55,10
90,28699,20861,MB,LOMBARDIA,34088,1979-04-23,F,self-employed,gmail.com,1.0,True,44.0,44903,36,premium,1,2022-01-24,47e7cc4460dab1ddcc192856e46f4067,36,33700716,1,0.2,0.0,2022-10-28 12:27:32,10
109,436887,20095,MI,LOMBARDIA,458071,1981-06-21,M,0,gmail.com,1.0,True,42.0,391452,15,business premium,1,2022-07-02,7a6063a05a7466db44a0e71b905f50f2,15,33700716,1,0.2,0.0,2022-08-12 16:30:28,10
113,79553,36015,VI,VENETO,93263,1979-07-22,F,0,mail.ru,1.0,True,43.0,321490,5,premium,1,2022-05-27,72ac170bca12b2f0917e6b75883cc239,5,33700716,1,0.2,0.0,2023-03-30 20:24:46,10
114,287938,10154,TO,PIEMONTE,308545,1983-12-10,M,0,gmail.com,1.0,True,39.0,280415,2,premium,1,2022-05-08,f6bfd2b23f4b1855e27be2b08bf1aa00,2,33700716,1,0.2,0.02,2022-06-24 19:10:58,10
117,433014,20093,MI,LOMBARDIA,2344,1952-04-17,F,0,hotmail.it,1.0,True,71.0,387117,36,standard,1,2022-06-30,8ce4cd75175143b3a2bac15ab5285602,36,33700716,1,0.2,0.0,2022-06-30 15:28:51,10
118,433014,20093,MI,LOMBARDIA,2344,1952-04-17,F,0,hotmail.it,1.0,True,71.0,387117,36,standard,1,2022-06-30,cd5a8a0d718872763176d49862e975e2,36,33700716,1,0.2,0.0,2023-01-06 20:02:16,10
119,433014,20093,MI,LOMBARDIA,2344,1952-04-17,F,0,hotmail.it,1.0,True,71.0,387117,36,standard,1,2022-06-30,53cdd27cf04a925e2674945c34c5f0d2,10,33700716,1,0.2,0.0,2023-03-16 11:07:09,10
120,433014,20093,MI,LOMBARDIA,2344,1952-04-17,F,0,hotmail.it,1.0,True,71.0,387117,36,standard,1,2022-06-30,82e7f69b21cfad7c724c87ae39fe908a,36,33700716,1,0.2,0.0,2023-04-12 10:21:43,10
129,555316,47,RM,LAZIO,572518,1982-02-22,M,0,gmail.com,0.0,True,41.0,539045,42,premium,1,2022-09-21,8ed5ccbd3dc27aa76384d924d9b312b4,42,33700716,1,0.2,0.0,2022-09-21 12:07:42,10
130,164685,20090,MI,LOMBARDIA,181555,1965-11-02,M,0,gmail.com,1.0,True,57.0,83482,36,standard,1,2022-02-11,bbb44f04fe598490acabba3c94934b4a,43,33700716,1,0.2,0.0,2022-09-30 18:01:05,10
131,164685,20090,MI,LOMBARDIA,181555,1965-11-02,M,0,gmail.com,1.0,True,57.0,83482,36,standard,1,2022-02-11,b70ac6211b7429cb95ca23fd19268459,17,33700716,1,0.2,0.0,2023-03-29 13:11:20,10
200,769713,22072,CO,LOMBARDIA,785061,1976-12-13,F,0,gmail.com,1.0,True,46.0,760412,15,standard,1,2023-01-20,e5b31a4059a55ddd5b390c0fbd28a279,15,33700716,1,0.2,0.0,2023-01-20 12:09:07,10
201,6962,29121,PC,EMILIA ROMAGNA,7821,1984-10-03,M,0,gmail.com,1.0,True,38.0,204577,11,standard,1,2022-04-06,cff01b663e65a4a426add3d3591dd113,11,35272195,1,8.9,0.0,2022-08-23 13:13:03,3
206,6962,29121,PC,EMILIA ROMAGNA,7821,1984-10-03,M,0,gmail.com,1.0,True,38.0,204577,11,standard,1,2022-04-06,cff01b663e65a4a426add3d3591dd113,11,35735273,1,2.9,0.0,2022-08-23 13:13:03,4
211,6962,29121,PC,EMILIA ROMAGNA,7821,1984-10-03,M,0,gmail.com,1.0,True,38.0,204577,11,standard,1,2022-04-06,cff01b663e65a4a426add3d3591dd113,11,34951742,1,6.9,2.0,2022-08-23 13:13:03,4
216,52197,59013,PO,TOSCANA,62076,1975-08-12,F,0,hotmail.it,1.0,True,47.0,245046,47,standard,1,2022-04-23,fc6e96f3e2ebc7c878f1b94f196d5d5f,47,48024375,1,69.0,0.0,2022-05-08 18:01:19,2
217,52197,59013,PO,TOSCANA,62076,1975-08-12,F,0,hotmail.it,1.0,True,47.0,245046,47,standard,1,2022-04-23,98179fd43fb5357d3a3383667ad8ddf0,19,34722240,1,4.55,0.0,2022-08-13 18:16:42,9
218,52197,59013,PO,TOSCANA,62076,1975-08-12,F,0,hotmail.it,1.0,True,47.0,245046,47,standard,1,2022-04-23,98179fd43fb5357d3a3383667ad8ddf0,19,32157580,1,1.9,0.0,2022-08-13 18:16:42,3
219,278496,125,RM,LAZIO,298715,1977-04-29,F,0,gmail.com,0.0,True,46.0,211463,33,standard,1,2022-04-08,61b4e60e8f1503508a0f739e43b49df1,39,32157580,1,3.8,0.0,2023-03-28 12:30:35,3
220,52197,59013,PO,TOSCANA,62076,1975-08-12,F,0,hotmail.it,1.0,True,47.0,245046,47,standard,1,2022-04-23,5cac1267f674b5aa3df68b110316988c,19,35849856,1,11.55,0.0,2022-08-21 13:46:26,1
221,52197,59013,PO,TOSCANA,62076,1975-08-12,F,0,hotmail.it,1.0,True,47.0,245046,47,standard,1,2022-04-23,f69888e40fe98ab1ee59abb5c879cd1f,19,35315252,1,1.8,0.0,2022-09-08 17:50:01,11
222,235248,90128,PA,SICILIA,253998,1976-05-01,M,0,personal_mail_provider_16882,1.0,True,47.0,162495,6,standard,1,2022-03-17,3e8ce583b3b6d9791429b5fec84dc9a9,7,34094095,1,5.9,1.0,2022-11-11 17:37:36,3
226,555316,47,RM,LAZIO,572518,1982-02-22,M,0,gmail.com,0.0,True,41.0,539045,42,premium,1,2022-09-21,a11547feaf72463888c37cffefc55ae6,42,34094095,1,5.9,0.0,2022-11-21 12:24:06,3
227,235248,90128,PA,SICILIA,253998,1976-05-01,M,0,personal_mail_provider_16882,1.0,True,47.0,162495,6,standard,1,2022-03-17,3e8ce583b3b6d9791429b5fec84dc9a9,7,32381874,1,1.5,0.0,2022-11-11 17:37:36,10
231,207829,72100,BR,PUGLIA,225861,1981-09-22,M,0,alice.it,1.0,True,41.0,131210,31,standard,1,2022-03-03,696f69fa37c7b80e1cd3fe6baddc506a,31,31988236,1,4.2,0.0,2022-08-06 19:53:35,10
232,207829,72100,BR,PUGLIA,225861,1981-09-22,M,0,alice.it,1.0,True,41.0,131210,31,standard,1,2022-03-03,a25df961bbcfe8b9c3c740f60b1ad55c,31,34061181,1,12.9,0.0,2022-08-16 16:06:25,8
233,207829,72100,BR,PUGLIA,225861,1981-09-22,M,0,alice.it,1.0,True,41.0,131210,31,standard,1,2022-03-03,b65b633b466cb3d298983a88ac2161d3,31,35850990,1,9.9,0.0,2022-10-20 16:15:50,11
234,207829,72100,BR,PUGLIA,225861,1981-09-22,M,0,alice.it,1.0,True,41.0,131210,31,standard,1,2022-03-03,b65b633b466cb3d298983a88ac2161d3,31,34214740,1,21.96,0.0,2022-10-20 16:15:50,14
235,395966,20139,MI,LOMBARDIA,417080,1958-12-01,M,0,gmail.com,1.0,True,64.0,344774,30,standard,1,2022-06-08,83868977e2630a025d3baf1b1bd1008f,30,34214740,1,43.92,0.0,2023-01-04 17:38:12,14
242,777487,189,RM,LAZIO,792819,1978-04-02,F,0,gmail.com,1.0,True,45.0,901573,37,standard,1,2023-04-13,fdc099986b32b249e367bc0810de77cb,37,31197551,1,1.49,0.0,2023-04-25 16:25:29,13
246,777487,189,RM,LAZIO,792819,1978-04-02,F,0,gmail.com,1.0,True,45.0,901573,37,standard,1,2023-04-13,fdc099986b32b249e367bc0810de77cb,37,36634360,1,1.9,0.0,2023-04-25 16:25:29,4
250,529948,70010,BA,PUGLIA,548505,1976-03-15,M,0,gmail.com,0.0,True,47.0,494090,46,standard,1,2022-08-29,3ad8277139f6732e5dac2a4e3c5941df,46,35609350,1,0.6,0.0,2022-08-29 19:50:13,3
266,278496,125,RM,LAZIO,298715,1977-04-29,F,0,gmail.com,0.0,True,46.0,211463,33,standard,1,2022-04-08,46d20a606e546c845ac08844f65855f4,39,35890113,1,2.5,0.0,2022-05-05 16:44:53,4
267,278496,125,RM,LAZIO,298715,1977-04-29,F,0,gmail.com,0.0,True,46.0,211463,33,standard,1,2022-04-08,46d20a606e546c845ac08844f65855f4,39,36481214,1,17.82,0.0,2022-05-05 16:44:53,6
268,278496,125,RM,LAZIO,298715,1977-04-29,F,0,gmail.com,0.0,True,46.0,211463,33,standard,1,2022-04-08,46d20a606e546c845ac08844f65855f4,39,32697266,1,2.5,0.0,2022-05-05 16:44:53,10
269,278496,125,RM,LAZIO,298715,1977-04-29,F,0,gmail.com,0.0,True,46.0,211463,33,standard,1,2022-04-08,1675164cf9cf9a2d38d12e7076175c5e,39,35199045,1,2.45,0.42,2022-05-11 12:04:04,11
270,676601,4100,LATINA,0,692168,1978-04-06,F,0,libero.it,1.0,True,45.0,656892,39,standard,1,2022-11-18,70da618c87053314fb34998999460992,39,35199045,1,2.45,0.0,2022-12-18 15:39:01,11
271,278496,125,RM,LAZIO,298715,1977-04-29,F,0,gmail.com,0.0,True,46.0,211463,33,standard,1,2022-04-08,1675164cf9cf9a2d38d12e7076175c5e,39,36158185,1,59.8,10.28,2022-05-11 12:04:04,14
272,278496,125,RM,LAZIO,298715,1977-04-29,F,0,gmail.com,0.0,True,46.0,211463,33,standard,1,2022-04-08,c3c89e99e06e5355ccb12e8c12866bcb,33,33817091,1,0.5,0.0,2022-05-19 18:33:51,10
273,278496,125,RM,LAZIO,298715,1977-04-29,F,0,gmail.com,0.0,True,46.0,211463,33,standard,1,2022-04-08,7533198c58cc4a5c8c43715c27037ea5,39,33817091,1,0.5,0.01,2022-05-20 13:15:36,10
274,278496,125,RM,LAZIO,298715,1977-04-29,F,0,gmail.com,0.0,True,46.0,211463,33,standard,1,2022-04-08,c1e6eb030fab3ce2eb8fd787bcd73622,39,33817091,1,0.5,0.05,2022-05-26 18:42:17,10
275,395966,20139,MI,LOMBARDIA,417080,1958-12-01,M,0,gmail.com,1.0,True,64.0,344774,30,standard,1,2022-06-08,70c669a0cb93090aade3c23379c71a62,30,33817091,1,0.5,0.0,2022-12-31 16:10:56,10
282,677496,50058,FI,TOSCANA,693062,1971-10-17,M,0,hotmail.com,1.0,True,51.0,698592,47,premium,1,2022-12-06,7a2db2274e957939087c908562a08450,47,33817091,1,0.5,0.0,2023-02-11 12:56:01,10
283,677496,50058,FI,TOSCANA,693062,1971-10-17,M,0,hotmail.com,1.0,True,51.0,698592,47,premium,1,2022-12-06,eb3110d8f8dfdeb274c6f6607aad8d03,47,33817091,1,1.0,0.1,2023-03-29 18:39:13,10
284,677496,50058,FI,TOSCANA,693062,1971-10-17,M,0,hotmail.com,1.0,True,51.0,698592,47,premium,1,2022-12-06,71ca5a1e2139bf69101c28d4b3942712,47,33817091,1,0.5,0.05,2023-04-20 10:38:51,10
303,453801,50019,FI,TOSCANA,474890,1982-02-19,F,0,gmail.com,1.0,True,41.0,410302,47,standard,1,2022-07-14,abf93409d07fc7059a1449bc5389b1d2,47,33817091,1,0.5,0.0,2022-09-27 11:04:33,10
304,164685,20090,MI,LOMBARDIA,181555,1965-11-02,M,0,gmail.com,1.0,True,57.0,83482,36,standard,1,2022-02-11,4a0ae0780a63d226e3289b8ad5205214,43,33817091,1,0.5,0.0,2022-10-26 17:47:44,10
305,164685,20090,MI,LOMBARDIA,181555,1965-11-02,M,0,gmail.com,1.0,True,57.0,83482,36,standard,1,2022-02-11,b3b1c35519644ffe5f7831e6afdfc5e7,17,33817091,1,0.5,0.0,2022-11-19 14:15:16,10
374,632791,27100,PV,LOMBARDIA,431885,1957-03-08,M,0,live.it,1.0,True,66.0,433986,1,standard,1,2022-07-28,deecb1e7a8d7cc8fce80ea65a207f727,30,33817091,1,0.5,0.0,2023-02-05 15:04:53,10
375,632791,27100,PV,LOMBARDIA,431885,1957-03-08,M,0,live.it,1.0,True,66.0,433986,1,standard,1,2022-07-28,c23bef53fd438c2d43c0576dbc2da2af,30,33817091,1,0.5,0.0,2023-03-28 18:34:57,10
376,211837,20135,MI,LOMBARDIA,229985,1985-03-12,M,0,tiscali.it,1.0,True,38.0,135764,43,standard,1,2022-03-05,ebadc68e75ef384f927ed283a6d4c0b7,32,33817091,1,0.5,0.0,2022-12-08 14:22:22,10
379,278496,125,RM,LAZIO,298715,1977-04-29,F,0,gmail.com,0.0,True,46.0,211463,33,standard,1,2022-04-08,c3c89e99e06e5355ccb12e8c12866bcb,33,33929175,1,2.85,0.0,2022-05-19 18:33:51,10
380,278496,125,RM,LAZIO,298715,1977-04-29,F,0,gmail.com,0.0,True,46.0,211463,33,standard,1,2022-04-08,c3c89e99e06e5355ccb12e8c12866bcb,33,35738241,1,1.99,0.0,2022-05-19 18:33:51,11
381,278496,125,RM,LAZIO,298715,1977-04-29,F,0,gmail.com,0.0,True,46.0,211463,33,standard,1,2022-04-08,c3c89e99e06e5355ccb12e8c12866bcb,33,30293361,1,2.2,0.0,2022-05-19 18:33:51,10
382,278496,125,RM,LAZIO,298715,1977-04-29,F,0,gmail.com,0.0,True,46.0,211463,33,standard,1,2022-04-08,c3c89e99e06e5355ccb12e8c12866bcb,33,33855346,1,1.65,0.0,2022-05-19 18:33:51,3
383,284025,21012,VA,LOMBARDIA,304480,1983-02-14,F,0,gmail.com,1.0,True,40.0,217796,49,premium,1,2022-04-10,340bf30647eb6de27101560cdc61599b,49,33855346,1,1.65,0.0,2022-10-24 19:13:28,3
390,278496,125,RM,LAZIO,298715,1977-04-29,F,0,gmail.com,0.0,True,46.0,211463,33,standard,1,2022-04-08,c3c89e99e06e5355ccb12e8c12866bcb,33,35963361,1,75.0,22.5,2022-05-19 18:33:51,7
391,278496,125,RM,LAZIO,298715,1977-04-29,F,0,gmail.com,0.0,True,46.0,211463,33,standard,1,2022-04-08,c3c89e99e06e5355ccb12e8c12866bcb,33,36143576,1,3.4,0.0,2022-05-19 18:33:51,12
393,625186,81033,CE,CAMPANIA,641026,1983-05-06,F,0,gmail.com,1.0,True,40.0,599593,35,standard,1,2022-10-23,b0db58edab6ab5836ffb10a51a6e694b,35,36143576,1,1.7,0.0,2023-01-31 17:43:38,12
394,278496,125,RM,LAZIO,298715,1977-04-29,F,0,gmail.com,0.0,True,46.0,211463,33,standard,1,2022-04-08,7533198c58cc4a5c8c43715c27037ea5,39,32497906,1,2.6,0.06,2022-05-20 13:15:36,10
395,278496,125,RM,LAZIO,298715,1977-04-29,F,0,gmail.com,0.0,True,46.0,211463,33,standard,1,2022-04-08,7533198c58cc4a5c8c43715c27037ea5,39,35905590,1,19.98,0.49,2022-05-20 13:15:36,13
396,278496,125,RM,LAZIO,298715,1977-04-29,F,0,gmail.com,0.0,True,46.0,211463,33,standard,1,2022-04-08,7533198c58cc4a5c8c43715c27037ea5,39,36239112,1,29.98,0.73,2022-05-20 13:15:36,13
397,278496,125,RM,LAZIO,298715,1977-04-29,F,0,gmail.com,0.0,True,46.0,211463,33,standard,1,2022-04-08,7533198c58cc4a5c8c43715c27037ea5,39,35295883,1,9.99,0.24,2022-05-20 13:15:36,13
398,278496,125,RM,LAZIO,298715,1977-04-29,F,0,gmail.com,0.0,True,46.0,211463,33,standard,1,2022-04-08,6de825686f2d4347292ab0dadfbe273d,39,36635186,1,0.9,0.0,2022-05-30 11:47:38,4
399,278496,125,RM,LAZIO,298715,1977-04-29,F,0,gmail.com,0.0,True,46.0,211463,33,standard,1,2022-04-08,6de825686f2d4347292ab0dadfbe273d,39,36128176,1,2.99,0.0,2022-05-30 11:47:38,11
400,676601,4100,LATINA,0,692168,1978-04-06,F,0,libero.it,1.0,True,45.0,656892,39,standard,1,2022-11-18,bf77e3762b6d32b7fb80e275c4aa0052,39,36128176,1,2.99,0.0,2022-11-18 19:40:41,11
401,278496,125,RM,LAZIO,298715,1977-04-29,F,0,gmail.com,0.0,True,46.0,211463,33,standard,1,2022-04-08,6de825686f2d4347292ab0dadfbe273d,39,36634374,1,1.9,0.0,2022-05-30 11:47:38,4
402,278496,125,RM,LAZIO,298715,1977-04-29,F,0,gmail.com,0.0,True,46.0,211463,33,standard,1,2022-04-08,6de825686f2d4347292ab0dadfbe273d,39,35411810,1,1.99,0.0,2022-05-30 11:47:38,11
403,278496,125,RM,LAZIO,298715,1977-04-29,F,0,gmail.com,0.0,True,46.0,211463,33,standard,1,2022-04-08,6de825686f2d4347292ab0dadfbe273d,39,32452182,1,3.8,0.0,2022-05-30 11:47:38,3
404,278496,125,RM,LAZIO,298715,1977-04-29,F,0,gmail.com,0.0,True,46.0,211463,33,standard,1,2022-04-08,6de825686f2d4347292ab0dadfbe273d,39,36634353,1,1.9,0.0,2022-05-30 11:47:38,4
405,278496,125,RM,LAZIO,298715,1977-04-29,F,0,gmail.com,0.0,True,46.0,211463,33,standard,1,2022-04-08,6de825686f2d4347292ab0dadfbe273d,39,31325070,1,6.81,0.0,2022-05-30 11:47:38,3
406,278496,125,RM,LAZIO,298715,1977-04-29,F,0,gmail.com,0.0,True,46.0,211463,33,standard,1,2022-04-08,8025322b509df76b6684eca2d262fde7,39,33760734,1,1.95,0.16,2022-06-03 09:22:35,11
407,278496,125,RM,LAZIO,298715,1977-04-29,F,0,gmail.com,0.0,True,46.0,211463,33,standard,1,2022-04-08,8025322b509df76b6684eca2d262fde7,39,34261010,1,1.1,0.09,2022-06-03 09:22:35,11
408,278496,125,RM,LAZIO,298715,1977-04-29,F,0,gmail.com,0.0,True,46.0,211463,33,standard,1,2022-04-08,8025322b509df76b6684eca2d262fde7,39,36634500,1,3.5,0.29,2022-06-03 09:22:35,4
409,278496,125,RM,LAZIO,298715,1977-04-29,F,0,gmail.com,0.0,True,46.0,211463,33,standard,1,2022-04-08,0d3b231a78d96dad4ac60e9433de28dc,33,36276513,1,49.9,0.0,2022-06-19 12:45:12,5
410,278496,125,RM,LAZIO,298715,1977-04-29,F,0,gmail.com,0.0,True,46.0,211463,33,standard,1,2022-04-08,61b4e60e8f1503508a0f739e43b49df1,39,36604666,1,6.9,0.0,2023-03-28 12:30:35,3
411,278496,125,RM,LAZIO,298715,1977-04-29,F,0,gmail.com,0.0,True,46.0,211463,33,standard,1,2022-04-08,3565dcb9b6e094f15c0b6a40dd9ecbe4,39,36604666,-1,-6.9,0.0,2023-03-29 08:14:25,3
412,278496,125,RM,LAZIO,298715,1977-04-29,F,0,gmail.com,0.0,True,46.0,211463,33,standard,1,2022-04-08,25a54977b148ca050c2a839e4587f123,39,36604666,1,6.9,0.0,2023-03-29 08:24:34,3
413,245482,20,RM,LAZIO,264555,1981-04-12,M,0,tiscali.it,1.0,True,42.0,174025,29,business standard,1,2022-03-21,191850c873b07f424e47e41ecd998e6c,29,48091281,1,11.8,0.0,2022-08-26 17:47:07,9
414,216511,181,RM,LAZIO,234763,1990-07-25,M,0,hotmail.com,1.0,False,32.0,141027,13,business standard,1,2022-03-07,9cea4221459b91d88a180c9f55526cd0,37,48091281,1,8.58,0.0,2022-05-17 18:04:50,9
418,245482,20,RM,LAZIO,264555,1981-04-12,M,0,tiscali.it,1.0,True,42.0,174025,29,business standard,1,2022-03-21,191850c873b07f424e47e41ecd998e6c,29,36547952,1,3.99,0.0,2022-08-26 17:47:07,7
419,245482,20,RM,LAZIO,264555,1981-04-12,M,0,tiscali.it,1.0,True,42.0,174025,29,business standard,1,2022-03-21,1edda8aed32f5e684514bec184ce0650,29,81273175,1,2.99,0.0,2023-03-04 19:39:23,13
420,245482,20,RM,LAZIO,264555,1981-04-12,M,0,tiscali.it,1.0,True,42.0,174025,29,business standard,1,2022-03-21,1edda8aed32f5e684514bec184ce0650,29,35426433,1,10.99,0.0,2023-03-04 19:39:23,7
421,71796,31100,TV,VENETO,84587,1987-07-13,M,0,hotmail.it,1.0,False,35.0,511209,22,premium,1,2022-09-07,8a00021dffca9f857fabed740479a4c5,22,36116955,1,25.0,5.1,2022-09-21 09:48:04,13
422,71796,31100,TV,VENETO,84587,1987-07-13,M,0,hotmail.it,1.0,False,35.0,511209,22,premium,1,2022-09-07,fc4fcb84fef3540a782872819c01966e,22,36116955,1,50.0,10.2,2022-09-26 12:42:22,13
427,71796,31100,TV,VENETO,84587,1987-07-13,M,0,hotmail.it,1.0,False,35.0,511209,22,premium,1,2022-09-07,1e1d7217d3a64382f0b580938d35a99e,22,32755975,1,3.99,0.0,2022-11-02 11:34:42,11
430,71796,31100,TV,VENETO,84587,1987-07-13,M,0,hotmail.it,1.0,False,35.0,511209,22,premium,1,2022-09-07,1e1d7217d3a64382f0b580938d35a99e,22,35075523,1,7.55,0.0,2022-11-02 11:34:42,11
433,71796,31100,TV,VENETO,84587,1987-07-13,M,0,hotmail.it,1.0,False,35.0,511209,22,premium,1,2022-09-07,1e1d7217d3a64382f0b580938d35a99e,22,48020203,1,95.0,0.0,2022-11-02 11:34:42,2
436,71796,31100,TV,VENETO,84587,1987-07-13,M,0,hotmail.it,1.0,False,35.0,511209,22,premium,1,2022-09-07,75991dad76219c6004a0f599e34397a0,22,36175580,1,12.5,0.0,2022-12-10 18:45:23,7
439,71796,31100,TV,VENETO,84587,1987-07-13,M,0,hotmail.it,1.0,False,35.0,511209,22,premium,1,2022-09-07,75991dad76219c6004a0f599e34397a0,22,36323616,1,15.49,0.59,2022-12-10 18:45:23,3
442,287938,10154,TO,PIEMONTE,308545,1983-12-10,M,0,gmail.com,1.0,True,39.0,280415,2,premium,1,2022-05-08,56fced3a258b36de7e517379c5203600,2,36323616,1,15.49,0.0,2022-08-04 10:45:49,3
445,71796,31100,TV,VENETO,84587,1987-07-13,M,0,hotmail.it,1.0,False,35.0,511209,22,premium,1,2022-09-07,ca7d712c9eca02542c6b3fe182742ab3,22,33892586,1,8.4,0.0,2022-12-12 09:40:35,3
448,71796,31100,TV,VENETO,84587,1987-07-13,M,0,hotmail.it,1.0,False,35.0,511209,22,premium,1,2022-09-07,ca7d712c9eca02542c6b3fe182742ab3,22,36482642,1,0.35,0.0,2022-12-12 09:40:35,3
451,385332,6059,PG,UMBRIA,406505,1976-04-26,F,0,gmail.com,1.0,True,47.0,332900,9,premium,1,2022-06-02,76b0437080a6eeac853b7f26fe218477,9,33883955,1,109.0,10.9,2022-07-10 12:09:08,3
453,385332,6059,PG,UMBRIA,406505,1976-04-26,F,0,gmail.com,1.0,True,47.0,332900,9,premium,1,2022-06-02,76b0437080a6eeac853b7f26fe218477,9,34130894,1,12.87,1.29,2022-07-10 12:09:08,3
455,385332,6059,PG,UMBRIA,406505,1976-04-26,F,0,gmail.com,1.0,True,47.0,332900,9,premium,1,2022-06-02,76b0437080a6eeac853b7f26fe218477,9,33794334,1,23.6,2.36,2022-07-10 12:09:08,6
456,385332,6059,PG,UMBRIA,406505,1976-04-26,F,0,gmail.com,1.0,True,47.0,332900,9,premium,1,2022-06-02,76b0437080a6eeac853b7f26fe218477,9,34798386,1,36.0,3.6,2022-07-10 12:09:08,3
458,433014,20093,MI,LOMBARDIA,2344,1952-04-17,F,0,hotmail.it,1.0,True,71.0,387117,36,standard,1,2022-06-30,8a60e7447da42d7a1290021d0d9983c5,10,34798386,1,37.0,3.65,2023-04-11 19:56:22,3
461,385332,6059,PG,UMBRIA,406505,1976-04-26,F,0,gmail.com,1.0,True,47.0,332900,9,premium,1,2022-06-02,76b0437080a6eeac853b7f26fe218477,9,35254534,1,83.0,8.3,2022-07-10 12:09:08,7
462,385332,6059,PG,UMBRIA,406505,1976-04-26,F,0,gmail.com,1.0,True,47.0,332900,9,premium,1,2022-06-02,76b0437080a6eeac853b7f26fe218477,9,36643754,1,129.0,12.9,2022-07-10 12:09:08,7
463,385332,6059,PG,UMBRIA,406505,1976-04-26,F,0,gmail.com,1.0,True,47.0,332900,9,premium,1,2022-06-02,76b0437080a6eeac853b7f26fe218477,9,34086192,1,40.6,4.06,2022-07-10 12:09:08,3
464,385332,6059,PG,UMBRIA,406505,1976-04-26,F,0,gmail.com,1.0,True,47.0,332900,9,premium,1,2022-06-02,76b0437080a6eeac853b7f26fe218477,9,34086381,1,10.42,1.8,2022-07-10 12:09:08,3
466,287938,10154,TO,PIEMONTE,308545,1983-12-10,M,0,gmail.com,1.0,True,39.0,280415,2,premium,1,2022-05-08,56fced3a258b36de7e517379c5203600,2,34086381,1,5.69,0.0,2022-08-04 10:45:49,3
469,385332,6059,PG,UMBRIA,406505,1976-04-26,F,0,gmail.com,1.0,True,47.0,332900,9,premium,1,2022-06-02,76b0437080a6eeac853b7f26fe218477,9,33886545,1,19.8,1.98,2022-07-10 12:09:08,6
470,385332,6059,PG,UMBRIA,406505,1976-04-26,F,0,gmail.com,1.0,True,47.0,332900,9,premium,1,2022-06-02,76b0437080a6eeac853b7f26fe218477,9,35782894,1,141.44,28.4,2022-07-10 12:09:08,6
472,385332,6059,PG,UMBRIA,406505,1976-04-26,F,0,gmail.com,1.0,True,47.0,332900,9,premium,1,2022-06-02,76b0437080a6eeac853b7f26fe218477,9,35782873,1,83.84,8.38,2022-07-10 12:09:08,6
473,385332,6059,PG,UMBRIA,406505,1976-04-26,F,0,gmail.com,1.0,True,47.0,332900,9,premium,1,2022-06-02,a8d015b3fb29d13027d04c685fda3b32,9,35782873,1,230.56,23.06,2022-09-19 11:29:10,6
474,385332,6059,PG,UMBRIA,406505,1976-04-26,F,0,gmail.com,1.0,True,47.0,332900,9,premium,1,2022-06-02,76b0437080a6eeac853b7f26fe218477,9,35745073,1,70.0,7.0,2022-07-10 12:09:08,7
475,385332,6059,PG,UMBRIA,406505,1976-04-26,F,0,gmail.com,1.0,True,47.0,332900,9,premium,1,2022-06-02,76b0437080a6eeac853b7f26fe218477,9,36540042,1,170.0,17.0,2022-07-10 12:09:08,7
476,385332,6059,PG,UMBRIA,406505,1976-04-26,F,0,gmail.com,1.0,True,47.0,332900,9,premium,1,2022-06-02,3e80f471da895e4703c1e9cf16102152,9,81250869,1,141.05,14.11,2022-07-13 12:54:38,6
477,385332,6059,PG,UMBRIA,406505,1976-04-26,F,0,gmail.com,1.0,True,47.0,332900,9,premium,1,2022-06-02,eb7644c04bbdc9c8d25c620b6d9a2ce1,9,35654276,1,6.99,0.0,2022-08-26 15:54:15,13
478,385332,6059,PG,UMBRIA,406505,1976-04-26,F,0,gmail.com,1.0,True,47.0,332900,9,premium,1,2022-06-02,eb7644c04bbdc9c8d25c620b6d9a2ce1,9,36264802,1,29.9,0.0,2022-08-26 15:54:15,13
479,385332,6059,PG,UMBRIA,406505,1976-04-26,F,0,gmail.com,1.0,True,47.0,332900,9,premium,1,2022-06-02,ede0627df11644e50dacaf0cee354fbf,9,35903301,1,11.8,1.18,2022-09-13 07:51:52,6
480,79553,36015,VI,VENETO,93263,1979-07-22,F,0,mail.ru,1.0,True,43.0,321490,5,premium,1,2022-05-27,ca50787e4210bde96715b43e3b1e1a64,5,35903301,1,11.8,0.0,2022-08-24 17:14:16,6
481,79553,36015,VI,VENETO,93263,1979-07-22,F,0,mail.ru,1.0,True,43.0,321490,5,premium,1,2022-05-27,ec36eacff98c9d8c1b1f7bd7df933ce6,5,35903301,1,11.8,0.0,2022-09-23 16:17:40,6
482,385332,6059,PG,UMBRIA,406505,1976-04-26,F,0,gmail.com,1.0,True,47.0,332900,9,premium,1,2022-06-02,ede0627df11644e50dacaf0cee354fbf,9,32840766,1,52.94,5.29,2022-09-13 07:51:52,6
483,385332,6059,PG,UMBRIA,406505,1976-04-26,F,0,gmail.com,1.0,True,47.0,332900,9,premium,1,2022-06-02,ede0627df11644e50dacaf0cee354fbf,9,33794341,1,30.6,3.06,2022-09-13 07:51:52,6
484,385332,6059,PG,UMBRIA,406505,1976-04-26,F,0,gmail.com,1.0,True,47.0,332900,9,premium,1,2022-06-02,38f74b36940c196ea62425b0cdf1350c,9,35860104,1,4.9,0.0,2023-04-26 16:27:51,4
485,330898,20100,MI,LOMBARDIA,352089,1976-09-12,M,0,gmail.com,1.0,True,46.0,270097,32,standard,1,2022-05-04,e3c135a2697f80e9c35c7dc0f37d8e27,32,33421675,1,2.6,0.0,2022-05-11 11:31:46,10
486,17301,47814,RN,EMILIA ROMAGNA,20211,1990-01-06,F,0,libero.it,1.0,True,33.0,364363,24,standard,1,2022-06-17,b60d00c10d924924b0f8df3f3d6ebc55,24,33421675,1,2.6,0.0,2022-10-11 19:36:18,10
490,330898,20100,MI,LOMBARDIA,352089,1976-09-12,M,0,gmail.com,1.0,True,46.0,270097,32,standard,1,2022-05-04,e3c135a2697f80e9c35c7dc0f37d8e27,32,32756003,1,6.75,0.0,2022-05-11 11:31:46,11
491,330898,20100,MI,LOMBARDIA,352089,1976-09-12,M,0,gmail.com,1.0,True,46.0,270097,32,standard,1,2022-05-04,f9cf526caf7b6145fa5f9fb71aa5d838,32,34367753,1,14.9,0.0,2022-07-17 15:28:03,7
492,330898,20100,MI,LOMBARDIA,352089,1976-09-12,M,0,gmail.com,1.0,True,46.0,270097,32,standard,1,2022-05-04,f9cf526caf7b6145fa5f9fb71aa5d838,32,36216306,1,4.9,0.0,2022-07-17 15:28:03,4
493,395966,20139,MI,LOMBARDIA,417080,1958-12-01,M,0,gmail.com,1.0,True,64.0,344774,30,standard,1,2022-06-08,83868977e2630a025d3baf1b1bd1008f,30,33348826,1,2.99,0.0,2023-01-04 17:38:12,11
500,395966,20139,MI,LOMBARDIA,417080,1958-12-01,M,0,gmail.com,1.0,True,64.0,344774,30,standard,1,2022-06-08,83868977e2630a025d3baf1b1bd1008f,30,34504715,1,1.78,0.0,2023-01-04 17:38:12,14
507,395966,20139,MI,LOMBARDIA,417080,1958-12-01,M,0,gmail.com,1.0,True,64.0,344774,30,standard,1,2022-06-08,83868977e2630a025d3baf1b1bd1008f,30,81259511,1,14.9,0.0,2023-01-04 17:38:12,13
514,395966,20139,MI,LOMBARDIA,417080,1958-12-01,M,0,gmail.com,1.0,True,64.0,344774,30,standard,1,2022-06-08,83868977e2630a025d3baf1b1bd1008f,30,30809730,1,10.98,0.0,2023-01-04 17:38:12,14
521,416633,74019,TA,PUGLIA,658,1978-09-01,M,0,tiscali.it,1.0,False,44.0,368251,1,standard,1,2022-06-20,ef0520a823616d3d3c440167f677e6dc,46,30809730,1,5.49,0.0,2022-07-21 13:34:28,14
522,395966,20139,MI,LOMBARDIA,417080,1958-12-01,M,0,gmail.com,1.0,True,64.0,344774,30,standard,1,2022-06-08,83868977e2630a025d3baf1b1bd1008f,30,81259474,1,8.97,0.0,2023-01-04 17:38:12,13
529,395966,20139,MI,LOMBARDIA,417080,1958-12-01,M,0,gmail.com,1.0,True,64.0,344774,30,standard,1,2022-06-08,a6bda7debb03c4c247bc28e133dedd77,30,32483780,1,14.0,0.0,2023-02-25 10:59:25,2
536,157105,20847,MB,LOMBARDIA,173764,1981-07-10,M,0,hotmail.it,1.0,True,41.0,73708,34,standard,1,2022-02-06,cde117875336b41b5c8e2586ca900660,34,32483780,1,14.0,0.0,2022-08-16 16:21:57,2
537,677496,50058,FI,TOSCANA,693062,1971-10-17,M,0,hotmail.com,1.0,True,51.0,698592,47,premium,1,2022-12-06,9fd180253cefb2e50abd660ef185e6fa,47,34841373,1,7.95,0.79,2023-01-18 08:38:46,1
544,677496,50058,FI,TOSCANA,693062,1971-10-17,M,0,hotmail.com,1.0,True,51.0,698592,47,premium,1,2022-12-06,9fd180253cefb2e50abd660ef185e6fa,47,32149131,1,239.8,23.98,2023-01-18 08:38:46,11
551,430731,30171,VE,VENETO,451758,1980-01-22,M,0,libero.it,1.0,True,43.0,384262,44,business standard,1,2022-06-28,d17f63657f83a492955cdf6141766e53,44,32149131,1,12.49,0.0,2023-04-25 10:55:53,11
558,677496,50058,FI,TOSCANA,693062,1971-10-17,M,0,hotmail.com,1.0,True,51.0,698592,47,premium,1,2022-12-06,9fd180253cefb2e50abd660ef185e6fa,47,34584102,1,20.8,2.08,2023-01-18 08:38:46,1
565,657419,20822,MB,LOMBARDIA,672955,1959-07-28,F,0,unimi.it,1.0,True,63.0,635511,15,standard,1,2022-11-08,1bf8aab447f18a87be7130a4e34ef899,15,34584102,1,2.6,0.25,2022-11-22 17:41:34,1
570,677496,50058,FI,TOSCANA,693062,1971-10-17,M,0,hotmail.com,1.0,True,51.0,698592,47,premium,1,2022-12-06,9fd180253cefb2e50abd660ef185e6fa,47,36002743,1,62.37,3.0,2023-01-18 08:38:46,6
584,677496,50058,FI,TOSCANA,693062,1971-10-17,M,0,hotmail.com,1.0,True,51.0,698592,47,premium,1,2022-12-06,9fd180253cefb2e50abd660ef185e6fa,47,36572333,1,18.5,1.85,2023-01-18 08:38:46,2
591,37814,124,RM,LAZIO,45132,1976-11-22,F,0,gmail.com,1.0,True,46.0,230016,39,standard,1,2022-04-15,2b2323745de9ecfbf1e2eab39eb4953f,39,36572333,1,3.7,0.0,2022-10-17 09:09:00,2
592,677496,50058,FI,TOSCANA,693062,1971-10-17,M,0,hotmail.com,1.0,True,51.0,698592,47,premium,1,2022-12-06,9fd180253cefb2e50abd660ef185e6fa,47,36241380,1,679.6,67.96,2023-01-18 08:38:46,2
599,677496,50058,FI,TOSCANA,693062,1971-10-17,M,0,hotmail.com,1.0,True,51.0,698592,47,premium,1,2022-12-06,9fd180253cefb2e50abd660ef185e6fa,47,36572284,1,40.7,4.07,2023-01-18 08:38:46,2
606,37814,124,RM,LAZIO,45132,1976-11-22,F,0,gmail.com,1.0,True,46.0,230016,39,standard,1,2022-04-15,2b2323745de9ecfbf1e2eab39eb4953f,39,36572284,1,8.14,0.0,2022-10-17 09:09:00,2
607,677496,50058,FI,TOSCANA,693062,1971-10-17,M,0,hotmail.com,1.0,True,51.0,698592,47,premium,1,2022-12-06,9fd180253cefb2e50abd660ef185e6fa,47,35998025,1,89.5,8.95,2023-01-18 08:38:46,10
614,444543,10051,TO,PIEMONTE,465602,1983-01-26,M,0,virgilio.it,1.0,True,40.0,400006,21,standard,1,2022-07-07,4a9e8430648908846576b48d161092e9,21,35998025,1,35.8,0.0,2022-07-07 16:45:57,10
615,677496,50058,FI,TOSCANA,693062,1971-10-17,M,0,hotmail.com,1.0,True,51.0,698592,47,premium,1,2022-12-06,aef73aea81a1433ff146775165b147f2,47,48020504,1,310.6,13.6,2023-01-18 08:40:38,2
619,677496,50058,FI,TOSCANA,693062,1971-10-17,M,0,hotmail.com,1.0,True,51.0,698592,47,premium,1,2022-12-06,26fb670a53a63ed5949dd95631ecf56b,47,48020504,1,156.0,156.0,2023-03-20 19:02:21,2
671,680431,70125,BA,PUGLIA,696001,1981-12-13,F,0,hotmail.it,0.0,True,41.0,661147,26,standard,1,2022-11-20,417f539d79fdc781ac08eb3f4fe06698,26,48020504,1,166.25,0.1,2023-03-15 08:32:00,2
675,444543,10051,TO,PIEMONTE,465602,1983-01-26,M,0,virgilio.it,1.0,True,40.0,400006,21,standard,1,2022-07-07,8c1fc9f0743285ec65368c3d8ac72396,21,48020504,1,1.0,1.0,2022-07-13 15:41:11,2
679,37814,124,RM,LAZIO,45132,1976-11-22,F,0,gmail.com,1.0,True,46.0,230016,39,standard,1,2022-04-15,2b2323745de9ecfbf1e2eab39eb4953f,39,48020504,1,60.0,0.0,2022-10-17 09:09:00,2
682,677496,50058,FI,TOSCANA,693062,1971-10-17,M,0,hotmail.com,1.0,True,51.0,698592,47,premium,1,2022-12-06,f3e8749bb13f1a4e4499a08834121dec,47,33120381,1,7.1,0.0,2023-01-31 12:51:51,10
689,677496,50058,FI,TOSCANA,693062,1971-10-17,M,0,hotmail.com,1.0,True,51.0,698592,47,premium,1,2022-12-06,4e38c0f4bc8a0a0349d70b64fe8f07f6,47,33995773,1,4.99,0.0,2023-02-08 13:00:21,11
696,232399,84091,SA,CAMPANIA,251068,1981-11-22,F,0,gmail.com,1.0,True,41.0,159528,3,standard,1,2022-03-15,4e48d050d8d509c2ca8671a662d27a0f,3,33995773,1,4.9,0.49,2022-11-11 14:23:23,11
700,677496,50058,FI,TOSCANA,693062,1971-10-17,M,0,hotmail.com,1.0,True,51.0,698592,47,premium,1,2022-12-06,f7ec0672d8e8a959003d133dfefa33a2,47,35609266,1,1.0,0.0,2023-02-23 13:40:39,3
707,677496,50058,FI,TOSCANA,693062,1971-10-17,M,0,hotmail.com,1.0,True,51.0,698592,47,premium,1,2022-12-06,f7ec0672d8e8a959003d133dfefa33a2,47,35932141,1,1.15,0.0,2023-02-23 13:40:39,3
714,677496,50058,FI,TOSCANA,693062,1971-10-17,M,0,hotmail.com,1.0,True,51.0,698592,47,premium,1,2022-12-06,eb3110d8f8dfdeb274c6f6607aad8d03,47,35880103,1,1.95,0.19,2023-03-29 18:39:13,4
721,677496,50058,FI,TOSCANA,693062,1971-10-17,M,0,hotmail.com,1.0,True,51.0,698592,47,premium,1,2022-12-06,eb3110d8f8dfdeb274c6f6607aad8d03,47,31419136,1,0.98,0.1,2023-03-29 18:39:13,3
728,677496,50058,FI,TOSCANA,693062,1971-10-17,M,0,hotmail.com,1.0,True,51.0,698592,47,premium,1,2022-12-06,eb3110d8f8dfdeb274c6f6607aad8d03,47,36302525,1,43.98,4.4,2023-03-29 18:39:13,12
735,677496,50058,FI,TOSCANA,693062,1971-10-17,M,0,hotmail.com,1.0,True,51.0,698592,47,premium,1,2022-12-06,eb3110d8f8dfdeb274c6f6607aad8d03,47,34879572,1,59.98,6.0,2023-03-29 18:39:13,12
742,34055,56123,PI,TOSCANA,40587,1983-05-15,M,0,gmail.com,1.0,True,40.0,744119,19,standard,1,2023-01-09,86ff62615f2c0bf2dc7ee740eddb7cf8,19,34879572,1,59.98,0.0,2023-01-13 10:17:21,12
743,677496,50058,FI,TOSCANA,693062,1971-10-17,M,0,hotmail.com,1.0,True,51.0,698592,47,premium,1,2022-12-06,71ca5a1e2139bf69101c28d4b3942712,47,32424644,1,4.95,0.49,2023-04-20 10:38:51,9
750,677496,50058,FI,TOSCANA,693062,1971-10-17,M,0,hotmail.com,1.0,True,51.0,698592,47,premium,1,2022-12-06,71ca5a1e2139bf69101c28d4b3942712,47,36158234,1,49.99,5.01,2023-04-20 10:38:51,14
757,677496,50058,FI,TOSCANA,693062,1971-10-17,M,0,hotmail.com,1.0,True,51.0,698592,47,premium,1,2022-12-06,84ef52819a57cb6b1231b4dda137464b,47,33938751,1,3.6,0.0,2023-04-23 12:50:27,3
764,677496,50058,FI,TOSCANA,693062,1971-10-17,M,0,hotmail.com,1.0,True,51.0,698592,47,premium,1,2022-12-06,84ef52819a57cb6b1231b4dda137464b,47,35881986,1,1.19,0.0,2023-04-23 12:50:27,3
771,430731,30171,VE,VENETO,451758,1980-01-22,M,0,libero.it,1.0,True,43.0,384262,44,business standard,1,2022-06-28,d99900a3daa5b5d332efbb076680f47f,44,35947702,1,2.0,0.0,2022-10-05 18:54:45,10
778,28699,20861,MB,LOMBARDIA,34088,1979-04-23,F,self-employed,gmail.com,1.0,True,44.0,44903,36,premium,1,2022-01-24,de312e6526a9993918f3de24bae6722e,36,35947702,1,2.0,0.0,2022-07-12 19:05:55,10
782,232399,84091,SA,CAMPANIA,251068,1981-11-22,F,0,gmail.com,1.0,True,41.0,159528,3,standard,1,2022-03-15,4e48d050d8d509c2ca8671a662d27a0f,3,35947702,1,2.0,0.2,2022-11-11 14:23:23,10
786,430731,30171,VE,VENETO,451758,1980-01-22,M,0,libero.it,1.0,True,43.0,384262,44,business standard,1,2022-06-28,f5217f9203de5a1da5f9e343bc8f92d8,44,35957250,1,6.2,0.0,2023-04-23 18:29:40,3
793,430731,30171,VE,VENETO,451758,1980-01-22,M,0,libero.it,1.0,True,43.0,384262,44,business standard,1,2022-06-28,f5217f9203de5a1da5f9e343bc8f92d8,44,35472815,1,2.4,0.0,2023-04-23 18:29:40,12
800,186141,31100,TV,VENETO,203601,1970-01-14,M,0,gmail.com,1.0,True,53.0,106424,22,standard,1,2022-02-21,b3a00865b730233a1dabcf160084d163,22,35472815,1,2.2,0.0,2022-05-11 16:06:16,12
807,430731,30171,VE,VENETO,451758,1980-01-22,M,0,libero.it,1.0,True,43.0,384262,44,business standard,1,2022-06-28,d17f63657f83a492955cdf6141766e53,44,34339382,1,1.49,0.0,2023-04-25 10:55:53,11
814,284025,21012,VA,LOMBARDIA,304480,1983-02-14,F,0,gmail.com,1.0,True,40.0,217796,49,premium,1,2022-04-10,de13f73a7893d69bfe7fcfa42fe8c2a1,49,81250370,1,420.42,0.0,2022-07-06 18:21:20,6
821,284025,21012,VA,LOMBARDIA,304480,1983-02-14,F,0,gmail.com,1.0,True,40.0,217796,49,premium,1,2022-04-10,a68d3e48e82e88f05d4d4ff41e858288,49,34420631,1,7.04,0.0,2022-10-16 12:45:44,8
828,284025,21012,VA,LOMBARDIA,304480,1983-02-14,F,0,gmail.com,1.0,True,40.0,217796,49,premium,1,2022-04-10,a68d3e48e82e88f05d4d4ff41e858288,49,34420673,1,2.85,0.0,2022-10-16 12:45:44,8
835,284025,21012,VA,LOMBARDIA,304480,1983-02-14,F,0,gmail.com,1.0,True,40.0,217796,49,premium,1,2022-04-10,2bac8f4d24f040b356b3ef12bfefdf74,49,34584732,1,3.3,0.0,2022-11-28 09:38:38,8
842,284025,21012,VA,LOMBARDIA,304480,1983-02-14,F,0,gmail.com,1.0,True,40.0,217796,49,premium,1,2022-04-10,bdeb188eb6f4b7b728d6e7afb2166a9b,49,81274749,1,50.9,0.0,2022-11-28 10:12:01,1
849,284025,21012,VA,LOMBARDIA,304480,1983-02-14,F,0,gmail.com,1.0,True,40.0,217796,49,premium,1,2022-04-10,c3f6960d9faa94539e3de09223b8d1bb,49,35439124,1,4.25,0.0,2023-02-19 19:53:51,3
856,284025,21012,VA,LOMBARDIA,304480,1983-02-14,F,0,gmail.com,1.0,True,40.0,217796,49,premium,1,2022-04-10,c3f6960d9faa94539e3de09223b8d1bb,49,36085462,1,3.9,0.0,2023-02-19 19:53:51,4
863,625158,148,RM,LAZIO,640999,1974-07-11,F,0,hotmail.it,1.0,True,48.0,635657,33,premium,1,2022-11-08,09004fe9c2861a39bae40fabe0e8b89f,33,34399050,1,9.98,0.0,2022-11-08 19:07:12,12
864,625158,148,RM,LAZIO,640999,1974-07-11,F,0,hotmail.it,1.0,True,48.0,635657,33,premium,1,2022-11-08,4ae2cf36822dbbab15dda6d4c08bd8e0,33,34399050,-1,-9.98,0.0,2022-11-11 19:45:52,12
877,625158,148,RM,LAZIO,640999,1974-07-11,F,0,hotmail.it,1.0,True,48.0,635657,33,premium,1,2022-11-08,09004fe9c2861a39bae40fabe0e8b89f,33,33724201,1,19.98,0.0,2022-11-08 19:07:12,12
884,625158,148,RM,LAZIO,640999,1974-07-11,F,0,hotmail.it,1.0,True,48.0,635657,33,premium,1,2022-11-08,4128229aba822462c8e8c26ea15d4500,33,32882024,1,1.0,0.0,2022-11-08 19:09:03,10
891,232399,84091,SA,CAMPANIA,251068,1981-11-22,F,0,gmail.com,1.0,True,41.0,159528,3,standard,1,2022-03-15,7f2db96ca190d8589676553b6094f9f6,3,32882024,1,1.0,0.1,2022-11-11 14:19:58,10
895,79553,36015,VI,VENETO,93263,1979-07-22,F,0,mail.ru,1.0,True,43.0,321490,5,premium,1,2022-05-27,c7917eb830c4a33034fbad9980c7ea57,5,32882024,1,1.0,0.0,2022-11-18 15:48:53,10
896,625158,148,RM,LAZIO,640999,1974-07-11,F,0,hotmail.it,1.0,True,48.0,635657,33,premium,1,2022-11-08,c825e2a78b329c711bce5119b19cfdba,33,31618300,1,3.95,0.39,2022-11-25 13:13:32,3
903,625158,148,RM,LAZIO,640999,1974-07-11,F,0,hotmail.it,1.0,True,48.0,635657,33,premium,1,2022-11-08,c825e2a78b329c711bce5119b19cfdba,33,31618321,1,31.8,3.18,2022-11-25 13:13:32,3
910,625158,148,RM,LAZIO,640999,1974-07-11,F,0,hotmail.it,1.0,True,48.0,635657,33,premium,1,2022-11-08,c825e2a78b329c711bce5119b19cfdba,33,36284913,1,2.99,0.3,2022-11-25 13:13:32,12
917,625158,148,RM,LAZIO,640999,1974-07-11,F,0,hotmail.it,1.0,True,48.0,635657,33,premium,1,2022-11-08,34f711f4f390bd219547a71ea59117f0,33,82040488,1,9.99,5.0,2022-12-29 13:20:20,12
945,625158,148,RM,LAZIO,640999,1974-07-11,F,0,hotmail.it,1.0,True,48.0,635657,33,premium,1,2022-11-08,34f711f4f390bd219547a71ea59117f0,33,32388986,1,2.65,0.0,2022-12-29 13:20:20,3
952,649299,118,0,0,664885,1984-06-06,M,0,hotmail.it,1.0,True,39.0,626490,1,standard,1,2022-11-04,7d89115101d5bc995842bfdb6abaea5f,37,36566425,1,6.9,1.91,2023-04-08 18:15:38,11
959,680431,70125,BA,PUGLIA,696001,1981-12-13,F,0,hotmail.it,0.0,True,41.0,661147,26,standard,1,2022-11-20,417f539d79fdc781ac08eb3f4fe06698,26,34067341,1,1.99,0.0,2023-03-15 08:32:00,11
960,680431,70125,BA,PUGLIA,696001,1981-12-13,F,0,hotmail.it,0.0,True,41.0,661147,26,standard,1,2022-11-20,417f539d79fdc781ac08eb3f4fe06698,26,36587236,1,3.99,0.0,2023-03-15 08:32:00,11
961,680431,70125,BA,PUGLIA,696001,1981-12-13,F,0,hotmail.it,0.0,True,41.0,661147,26,standard,1,2022-11-20,417f539d79fdc781ac08eb3f4fe06698,26,35765352,1,12.9,0.01,2023-03-15 08:32:00,10
962,680431,70125,BA,PUGLIA,696001,1981-12-13,F,0,hotmail.it,0.0,True,41.0,661147,26,standard,1,2022-11-20,417f539d79fdc781ac08eb3f4fe06698,26,35615244,1,2.49,0.01,2023-03-15 08:32:00,11
963,665046,20010,MI,LOMBARDIA,680604,1980-01-29,F,0,0,0.0,True,43.0,647899,17,premium,1,2022-11-14,c006b8652d5be4243a484de26336aeea,16,36328831,1,549.5,0.0,2023-01-16 15:32:37,13
983,408167,20090,MI,LOMBARDIA,429286,1988-03-09,F,0,gmail.com,1.0,True,35.0,358664,43,premium,1,2022-06-15,2622ab281b582fe470ffc2d419c9b5da,43,35918470,1,5.99,0.0,2022-06-15 15:47:02,11
1008,408167,20090,MI,LOMBARDIA,429286,1988-03-09,F,0,gmail.com,1.0,True,35.0,358664,43,premium,1,2022-06-15,e12e823fde4830bbba4827a8df6b0a8b,43,36568791,1,21.0,0.0,2022-07-08 15:24:51,2
1033,301259,84014,SA,CAMPANIA,322448,1985-03-11,F,0,libero.it,1.0,True,38.0,236765,3,standard,1,2022-04-19,2defefa5469bbda39dee4dedf13528af,3,35861112,1,8.97,0.0,2023-04-02 14:49:27,14
1038,301259,84014,SA,CAMPANIA,322448,1985-03-11,F,0,libero.it,1.0,True,38.0,236765,3,standard,1,2022-04-19,2defefa5469bbda39dee4dedf13528af,3,36604596,1,6.9,0.0,2023-04-02 14:49:27,4
1043,301259,84014,SA,CAMPANIA,322448,1985-03-11,F,0,libero.it,1.0,True,38.0,236765,3,standard,1,2022-04-19,2defefa5469bbda39dee4dedf13528af,3,36501640,1,0.9,0.0,2023-04-02 14:49:27,7
1048,668651,80053,0,CAMPANIA,684219,1980-07-21,M,0,gmail.com,1.0,True,42.0,648141,3,standard,1,2022-11-14,11444e8304c770cbce7575db9c6231b2,3,34332802,1,26.4,0.0,2022-12-01 09:26:28,7
1049,232399,84091,SA,CAMPANIA,251068,1981-11-22,F,0,gmail.com,1.0,True,41.0,159528,3,standard,1,2022-03-15,685649cd9f5667de454e991d5ed7187c,3,34332802,1,26.4,2.64,2022-05-04 09:53:05,7
1053,668651,80053,0,CAMPANIA,684219,1980-07-21,M,0,gmail.com,1.0,True,42.0,648141,3,standard,1,2022-11-14,e66f8a00f0331f3798b652aaccc29eaa,3,36591044,1,3.0,0.0,2023-02-13 13:42:45,10
1054,733954,74021,TA,PUGLIA,749375,1984-06-12,M,0,gmail.com,1.0,True,39.0,721065,31,standard,1,2022-12-20,d0d1351623d77c248c9e7235346ae2b3,31,36245776,1,17.98,0.0,2022-12-20 18:15:51,13
1055,733954,74021,TA,PUGLIA,749375,1984-06-12,M,0,gmail.com,1.0,True,39.0,721065,31,standard,1,2022-12-20,35966a4afb9720e06a36c61960d0d538,31,81259558,1,19.99,0.0,2023-01-27 18:13:39,13
1056,733954,74021,TA,PUGLIA,749375,1984-06-12,M,0,gmail.com,1.0,True,39.0,721065,31,standard,1,2022-12-20,f0a57ead827512d840600e844789faa9,31,36531180,1,9.85,0.0,2023-02-10 17:27:11,3
1057,28699,20861,MB,LOMBARDIA,34088,1979-04-23,F,self-employed,gmail.com,1.0,True,44.0,44903,36,premium,1,2022-01-24,ddc908388dd381084938935aa1674d05,10,31407824,1,3.2,0.0,2022-05-14 18:53:06,9
1061,28699,20861,MB,LOMBARDIA,34088,1979-04-23,F,self-employed,gmail.com,1.0,True,44.0,44903,36,premium,1,2022-01-24,60b9da941101eb676cc7cb895320e510,10,32591321,1,2.55,0.56,2022-05-14 18:54:08,9
1065,211837,20135,MI,LOMBARDIA,229985,1985-03-12,M,0,tiscali.it,1.0,True,38.0,135764,43,standard,1,2022-03-05,8cf71d58cf56c39b3cc0de550629fc60,10,32591321,1,5.1,1.12,2022-05-13 12:09:47,9
1068,28699,20861,MB,LOMBARDIA,34088,1979-04-23,F,self-employed,gmail.com,1.0,True,44.0,44903,36,premium,1,2022-01-24,79af49ff751bb26775b43975fb372590,36,36256283,1,16.99,0.0,2022-06-02 11:25:53,13
1072,28699,20861,MB,LOMBARDIA,34088,1979-04-23,F,self-employed,gmail.com,1.0,True,44.0,44903,36,premium,1,2022-01-24,79af49ff751bb26775b43975fb372590,36,36265341,1,28.0,0.0,2022-06-02 11:25:53,13
1076,28699,20861,MB,LOMBARDIA,34088,1979-04-23,F,self-employed,gmail.com,1.0,True,44.0,44903,36,premium,1,2022-01-24,79af49ff751bb26775b43975fb372590,36,32075505,1,5.99,0.0,2022-06-02 11:25:53,5
1080,28699,20861,MB,LOMBARDIA,34088,1979-04-23,F,self-employed,gmail.com,1.0,True,44.0,44903,36,premium,1,2022-01-24,79af49ff751bb26775b43975fb372590,36,31041850,1,5.38,0.0,2022-06-02 11:25:53,3
1084,287938,10154,TO,PIEMONTE,308545,1983-12-10,M,0,gmail.com,1.0,True,39.0,280415,2,premium,1,2022-05-08,eba66f5fd686efaf9107d30e074c499e,2,31041850,1,2.69,0.0,2022-07-13 12:23:23,3
1087,28699,20861,MB,LOMBARDIA,34088,1979-04-23,F,self-employed,gmail.com,1.0,True,44.0,44903,36,premium,1,2022-01-24,79af49ff751bb26775b43975fb372590,36,31041766,1,2.14,0.0,2022-06-02 11:25:53,3
1091,28699,20861,MB,LOMBARDIA,34088,1979-04-23,F,self-employed,gmail.com,1.0,True,44.0,44903,36,premium,1,2022-01-24,cbc543e1e5c763a56a76d56f8a633e45,36,31087273,1,1.76,0.0,2022-06-05 11:36:04,3
1095,287938,10154,TO,PIEMONTE,308545,1983-12-10,M,0,gmail.com,1.0,True,39.0,280415,2,premium,1,2022-05-08,56fced3a258b36de7e517379c5203600,2,31087273,1,1.76,0.0,2022-08-04 10:45:49,3
1098,28699,20861,MB,LOMBARDIA,34088,1979-04-23,F,self-employed,gmail.com,1.0,True,44.0,44903,36,premium,1,2022-01-24,47e7cc4460dab1ddcc192856e46f4067,36,36324302,1,0.95,0.0,2022-10-28 12:27:32,1
1102,28699,20861,MB,LOMBARDIA,34088,1979-04-23,F,self-employed,gmail.com,1.0,True,44.0,44903,36,premium,1,2022-01-24,47e7cc4460dab1ddcc192856e46f4067,36,36324274,1,0.85,0.0,2022-10-28 12:27:32,1
1106,28699,20861,MB,LOMBARDIA,34088,1979-04-23,F,self-employed,gmail.com,1.0,True,44.0,44903,36,premium,1,2022-01-24,28e046cb91d6762f9e12d3509dad85da,10,35569604,1,5.99,0.0,2023-03-22 20:35:25,3
1110,80651,16153,GE,LIGURIA,94505,1967-10-11,M,0,libero.it,1.0,True,55.0,287715,20,standard,1,2022-05-12,e0f071e96f19236ebff9d02c90f65fba,20,35265692,1,6.99,0.0,2023-01-21 14:00:19,11
1113,101061,4024,LT,LAZIO,112032,1980-11-04,F,0,libero.it,1.0,True,42.0,434122,38,standard,1,2022-07-28,1e75cdc3f4beb1e2ae27cc962995cc03,38,35582911,1,8.9,0.0,2022-07-28 12:42:37,13
1114,101061,4024,LT,LAZIO,112032,1980-11-04,F,0,libero.it,1.0,True,42.0,434122,38,standard,1,2022-07-28,1e75cdc3f4beb1e2ae27cc962995cc03,38,34345066,1,2.7,0.0,2022-07-28 12:42:37,14
1115,164685,20090,MI,LOMBARDIA,181555,1965-11-02,M,0,gmail.com,1.0,True,57.0,83482,36,standard,1,2022-02-11,94be9c7634379bc9c84d2cd1c2a30bcd,43,34345066,1,1.4,0.0,2022-10-27 12:44:12,14
1325,101061,4024,LT,LAZIO,112032,1980-11-04,F,0,libero.it,1.0,True,42.0,434122,38,standard,1,2022-07-28,1e75cdc3f4beb1e2ae27cc962995cc03,38,36076222,1,3.9,0.0,2022-07-28 12:42:37,10
1326,101061,4024,LT,LAZIO,112032,1980-11-04,F,0,libero.it,1.0,True,42.0,434122,38,standard,1,2022-07-28,1e75cdc3f4beb1e2ae27cc962995cc03,38,34843564,1,0.8,0.0,2022-07-28 12:42:37,10
1327,232399,84091,SA,CAMPANIA,251068,1981-11-22,F,0,gmail.com,1.0,True,41.0,159528,3,standard,1,2022-03-15,4e48d050d8d509c2ca8671a662d27a0f,3,34843564,1,0.8,0.08,2022-11-11 14:23:23,10
1331,164685,20090,MI,LOMBARDIA,181555,1965-11-02,M,0,gmail.com,1.0,True,57.0,83482,36,standard,1,2022-02-11,368409ff77b3313403f57a636550f706,43,34843564,1,0.8,0.0,2023-04-06 19:53:22,10
1366,101061,4024,LT,LAZIO,112032,1980-11-04,F,0,libero.it,1.0,True,42.0,434122,38,standard,1,2022-07-28,1e75cdc3f4beb1e2ae27cc962995cc03,38,36237600,1,5.99,0.0,2022-07-28 12:42:37,13
1368,269215,138,0,0,289021,1972-10-11,F,0,libero.it,1.0,True,50.0,200970,37,standard,1,2022-04-04,c6f478d167a5e681d26e25bfb4518e63,37,35619724,1,18.0,0.0,2022-09-04 18:40:27,7
1369,436887,20095,MI,LOMBARDIA,458071,1981-06-21,M,0,gmail.com,1.0,True,42.0,391452,15,business premium,1,2022-07-02,7a6063a05a7466db44a0e71b905f50f2,15,35738633,1,4.99,0.0,2022-08-12 16:30:28,11
1373,667413,25100,BS,LOMBARDIA,682978,1970-04-09,M,0,gmail.com,1.0,True,53.0,646730,48,premium,1,2022-11-13,36f198dd69a2702b5764a581315e792a,48,35738633,1,4.99,0.0,2022-11-15 12:16:52,11
1376,436887,20095,MI,LOMBARDIA,458071,1981-06-21,M,0,gmail.com,1.0,True,42.0,391452,15,business premium,1,2022-07-02,7a6063a05a7466db44a0e71b905f50f2,15,36507765,1,24.95,0.0,2022-08-12 16:30:28,13
1380,436887,20095,MI,LOMBARDIA,458071,1981-06-21,M,0,gmail.com,1.0,True,42.0,391452,15,business premium,1,2022-07-02,e5228dd217c42c6ba4395b79deedd4a5,15,36477952,1,9.9,0.0,2022-08-18 16:58:09,11
1384,436887,20095,MI,LOMBARDIA,458071,1981-06-21,M,0,gmail.com,1.0,True,42.0,391452,15,business premium,1,2022-07-02,e5228dd217c42c6ba4395b79deedd4a5,15,35214914,1,11.9,0.0,2022-08-18 16:58:09,11
1388,436887,20095,MI,LOMBARDIA,458071,1981-06-21,M,0,gmail.com,1.0,True,42.0,391452,15,business premium,1,2022-07-02,712b57403dfaa7fe4f853a14f1fb062b,15,35738962,1,2.99,0.0,2022-08-19 14:30:02,11
1392,37814,124,RM,LAZIO,45132,1976-11-22,F,0,gmail.com,1.0,True,46.0,230016,39,standard,1,2022-04-15,9b2635a025cd5f7a3bce09e63ffc60cc,39,36328803,1,19.95,0.0,2022-06-19 16:30:04,13
1393,37814,124,RM,LAZIO,45132,1976-11-22,F,0,gmail.com,1.0,True,46.0,230016,39,standard,1,2022-04-15,b4ff827795419797c8608842e84f232e,39,36273580,1,16.9,0.0,2022-08-08 12:14:40,13
1394,37814,124,RM,LAZIO,45132,1976-11-22,F,0,gmail.com,1.0,True,46.0,230016,39,standard,1,2022-04-15,b91ff381ef7e3d919f863aac40d37f36,39,34916035,1,2.5,0.0,2022-08-08 13:19:07,4
1395,555316,47,RM,LAZIO,572518,1982-02-22,M,0,gmail.com,0.0,True,41.0,539045,42,premium,1,2022-09-21,8ed5ccbd3dc27aa76384d924d9b312b4,42,34916035,1,2.5,0.0,2022-09-21 12:07:42,4
1396,37814,124,RM,LAZIO,45132,1976-11-22,F,0,gmail.com,1.0,True,46.0,230016,39,standard,1,2022-04-15,63ac80fb97514cc3c8692e79901d8bae,39,35958874,1,99.8,0.0,2022-08-11 13:02:48,8
1397,37814,124,RM,LAZIO,45132,1976-11-22,F,0,gmail.com,1.0,True,46.0,230016,39,standard,1,2022-04-15,63ac80fb97514cc3c8692e79901d8bae,39,35750813,1,26.9,0.01,2022-08-11 13:02:48,3
1398,37814,124,RM,LAZIO,45132,1976-11-22,F,0,gmail.com,1.0,True,46.0,230016,39,standard,1,2022-04-15,2b2323745de9ecfbf1e2eab39eb4953f,39,34067383,1,3.95,0.0,2022-10-17 09:09:00,11
1399,37814,124,RM,LAZIO,45132,1976-11-22,F,0,gmail.com,1.0,True,46.0,230016,39,standard,1,2022-04-15,2b2323745de9ecfbf1e2eab39eb4953f,39,36572354,1,7.57,0.0,2022-10-17 09:09:00,2
1400,37814,124,RM,LAZIO,45132,1976-11-22,F,0,gmail.com,1.0,True,46.0,230016,39,standard,1,2022-04-15,2b2323745de9ecfbf1e2eab39eb4953f,39,34452173,1,21.0,0.0,2022-10-17 09:09:00,10
1401,37814,124,RM,LAZIO,45132,1976-11-22,F,0,gmail.com,1.0,True,46.0,230016,39,standard,1,2022-04-15,2b2323745de9ecfbf1e2eab39eb4953f,39,36572375,1,10.47,0.0,2022-10-17 09:09:00,2
1402,37814,124,RM,LAZIO,45132,1976-11-22,F,0,gmail.com,1.0,True,46.0,230016,39,standard,1,2022-04-15,2b2323745de9ecfbf1e2eab39eb4953f,39,33815845,1,11.0,0.0,2022-10-17 09:09:00,2
1403,232399,84091,SA,CAMPANIA,251068,1981-11-22,F,0,gmail.com,1.0,True,41.0,159528,3,standard,1,2022-03-15,685649cd9f5667de454e991d5ed7187c,3,36639295,1,78.66,7.87,2022-05-04 09:53:05,6
1411,232399,84091,SA,CAMPANIA,251068,1981-11-22,F,0,gmail.com,1.0,True,41.0,159528,3,standard,1,2022-03-15,685649cd9f5667de454e991d5ed7187c,3,34332746,1,26.4,2.64,2022-05-04 09:53:05,7
1415,232399,84091,SA,CAMPANIA,251068,1981-11-22,F,0,gmail.com,1.0,True,41.0,159528,3,standard,1,2022-03-15,685649cd9f5667de454e991d5ed7187c,3,35289723,1,134.1,13.41,2022-05-04 09:53:05,7
1419,232399,84091,SA,CAMPANIA,251068,1981-11-22,F,0,gmail.com,1.0,True,41.0,159528,3,standard,1,2022-03-15,685649cd9f5667de454e991d5ed7187c,3,35984396,1,160.0,16.0,2022-05-04 09:53:05,7
1423,79553,36015,VI,VENETO,93263,1979-07-22,F,0,mail.ru,1.0,True,43.0,321490,5,premium,1,2022-05-27,e6c2014aca4a0f1f9863df652935e0bd,5,35984396,1,160.0,11.01,2022-06-04 19:55:12,7
1424,232399,84091,SA,CAMPANIA,251068,1981-11-22,F,0,gmail.com,1.0,True,41.0,159528,3,standard,1,2022-03-15,685649cd9f5667de454e991d5ed7187c,3,35984452,1,110.0,11.0,2022-05-04 09:53:05,7
1425,232399,84091,SA,CAMPANIA,251068,1981-11-22,F,0,gmail.com,1.0,True,41.0,159528,3,standard,1,2022-03-15,7f2db96ca190d8589676553b6094f9f6,3,35984452,1,115.0,11.49,2022-11-11 14:19:58,7
1432,79553,36015,VI,VENETO,93263,1979-07-22,F,0,mail.ru,1.0,True,43.0,321490,5,premium,1,2022-05-27,e6c2014aca4a0f1f9863df652935e0bd,5,35984452,1,110.0,11.0,2022-06-04 19:55:12,7
1433,232399,84091,SA,CAMPANIA,251068,1981-11-22,F,0,gmail.com,1.0,True,41.0,159528,3,standard,1,2022-03-15,685649cd9f5667de454e991d5ed7187c,3,33868681,1,189.0,18.9,2022-05-04 09:53:05,7
1437,232399,84091,SA,CAMPANIA,251068,1981-11-22,F,0,gmail.com,1.0,True,41.0,159528,3,standard,1,2022-03-15,685649cd9f5667de454e991d5ed7187c,3,36639302,1,1389.66,138.96,2022-05-04 09:53:05,6
1445,232399,84091,SA,CAMPANIA,251068,1981-11-22,F,0,gmail.com,1.0,True,41.0,159528,3,standard,1,2022-03-15,7f2db96ca190d8589676553b6094f9f6,3,34609722,1,2.95,0.3,2022-11-11 14:19:58,9
1449,232399,84091,SA,CAMPANIA,251068,1981-11-22,F,0,gmail.com,1.0,True,41.0,159528,3,standard,1,2022-03-15,7f2db96ca190d8589676553b6094f9f6,3,34581001,1,4.9,0.49,2022-11-11 14:19:58,3
1450,232399,84091,SA,CAMPANIA,251068,1981-11-22,F,0,gmail.com,1.0,True,41.0,159528,3,standard,1,2022-03-15,4e48d050d8d509c2ca8671a662d27a0f,3,34581001,1,4.9,0.49,2022-11-11 14:23:23,3
1457,232399,84091,SA,CAMPANIA,251068,1981-11-22,F,0,gmail.com,1.0,True,41.0,159528,3,standard,1,2022-03-15,7f2db96ca190d8589676553b6094f9f6,3,36255940,1,1.0,0.1,2022-11-11 14:19:58,4
1461,232399,84091,SA,CAMPANIA,251068,1981-11-22,F,0,gmail.com,1.0,True,41.0,159528,3,standard,1,2022-03-15,7f2db96ca190d8589676553b6094f9f6,3,34905192,1,57.98,5.8,2022-11-11 14:19:58,12
1465,657419,20822,MB,LOMBARDIA,672955,1959-07-28,F,0,unimi.it,1.0,True,63.0,635511,15,standard,1,2022-11-08,c81329cc5c5941e651b5f6897aee4b12,15,35874216,1,2.6,0.0,2022-11-17 18:14:05,3
1470,657419,20822,MB,LOMBARDIA,672955,1959-07-28,F,0,unimi.it,1.0,True,63.0,635511,15,standard,1,2022-11-08,1bf8aab447f18a87be7130a4e34ef899,15,35661724,1,39.7,3.9,2022-11-22 17:41:34,3
1475,17301,47814,RN,EMILIA ROMAGNA,20211,1990-01-06,F,0,libero.it,1.0,True,33.0,364363,24,standard,1,2022-06-17,b60d00c10d924924b0f8df3f3d6ebc55,24,34260401,1,3.15,0.0,2022-10-11 19:36:18,11
1479,17301,47814,RN,EMILIA ROMAGNA,20211,1990-01-06,F,0,libero.it,1.0,True,33.0,364363,24,standard,1,2022-06-17,55b73109139b77fdc36d6dd334b7c039,24,36128162,1,2.49,0.0,2023-03-15 18:53:38,11
1487,17301,47814,RN,EMILIA ROMAGNA,20211,1990-01-06,F,0,libero.it,1.0,True,33.0,364363,24,standard,1,2022-06-17,55b73109139b77fdc36d6dd334b7c039,24,35750295,1,0.9,0.0,2023-03-15 18:53:38,11
1491,17301,47814,RN,EMILIA ROMAGNA,20211,1990-01-06,F,0,libero.it,1.0,True,33.0,364363,24,standard,1,2022-06-17,55b73109139b77fdc36d6dd334b7c039,24,36128141,1,1.95,0.0,2023-03-15 18:53:38,11
1495,17301,47814,RN,EMILIA ROMAGNA,20211,1990-01-06,F,0,libero.it,1.0,True,33.0,364363,24,standard,1,2022-06-17,55cc33dd777d9b4e9f85db17c338addf,24,36255954,1,2.6,0.0,2023-04-18 17:53:38,4
1499,453801,50019,FI,TOSCANA,474890,1982-02-19,F,0,gmail.com,1.0,True,41.0,410302,47,standard,1,2022-07-14,06490008ab9b32f97b03853a5b103ea9,47,33937225,1,5.6,0.0,2022-07-18 11:09:14,3
1501,453801,50019,FI,TOSCANA,474890,1982-02-19,F,0,gmail.com,1.0,True,41.0,410302,47,standard,1,2022-07-14,6f7bd0cfde7e535920162b913c17dbe5,47,33937225,1,5.6,0.0,2022-07-30 15:40:30,3
1503,453801,50019,FI,TOSCANA,474890,1982-02-19,F,0,gmail.com,1.0,True,41.0,410302,47,standard,1,2022-07-14,77c7da48354cfe99c60f879f19b4efa3,47,36588265,1,6.9,0.0,2022-08-07 15:04:13,3
1504,453801,50019,FI,TOSCANA,474890,1982-02-19,F,0,gmail.com,1.0,True,41.0,410302,47,standard,1,2022-07-14,77c7da48354cfe99c60f879f19b4efa3,47,34982353,1,5.19,0.0,2022-08-07 15:04:13,3
1505,453801,50019,FI,TOSCANA,474890,1982-02-19,F,0,gmail.com,1.0,True,41.0,410302,47,standard,1,2022-07-14,77c7da48354cfe99c60f879f19b4efa3,47,34219346,1,4.9,0.0,2022-08-07 15:04:13,10
1506,453801,50019,FI,TOSCANA,474890,1982-02-19,F,0,gmail.com,1.0,True,41.0,410302,47,standard,1,2022-07-14,77c7da48354cfe99c60f879f19b4efa3,47,34955886,1,1.6,0.0,2022-08-07 15:04:13,4
1507,453801,50019,FI,TOSCANA,474890,1982-02-19,F,0,gmail.com,1.0,True,41.0,410302,47,standard,1,2022-07-14,8539489e60f1de30ba3f7736051364b3,47,33892502,1,3.6,0.0,2022-08-23 11:07:27,3
1508,453801,50019,FI,TOSCANA,474890,1982-02-19,F,0,gmail.com,1.0,True,41.0,410302,47,standard,1,2022-07-14,ff82e79de578076eaeb885ac0054938f,47,35494025,1,23.9,0.0,2022-09-19 12:00:45,3
1509,453801,50019,FI,TOSCANA,474890,1982-02-19,F,0,gmail.com,1.0,True,41.0,410302,47,standard,1,2022-07-14,abf93409d07fc7059a1449bc5389b1d2,47,31302894,1,4.9,0.0,2022-09-27 11:04:33,10
1510,79553,36015,VI,VENETO,93263,1979-07-22,F,0,mail.ru,1.0,True,43.0,321490,5,premium,1,2022-05-27,ca50787e4210bde96715b43e3b1e1a64,5,30097340,1,2.65,0.0,2022-08-24 17:14:16,11
1511,79553,36015,VI,VENETO,93263,1979-07-22,F,0,mail.ru,1.0,True,43.0,321490,5,premium,1,2022-05-27,ca50787e4210bde96715b43e3b1e1a64,5,35903266,1,134.55,0.0,2022-08-24 17:14:16,6
1512,79553,36015,VI,VENETO,93263,1979-07-22,F,0,mail.ru,1.0,True,43.0,321490,5,premium,1,2022-05-27,c7917eb830c4a33034fbad9980c7ea57,5,33348714,1,9.5,0.0,2022-11-18 15:48:53,11
1513,79553,36015,VI,VENETO,93263,1979-07-22,F,0,mail.ru,1.0,True,43.0,321490,5,premium,1,2022-05-27,c7917eb830c4a33034fbad9980c7ea57,5,35315224,1,8.95,0.0,2022-11-18 15:48:53,11
1514,79553,36015,VI,VENETO,93263,1979-07-22,F,0,mail.ru,1.0,True,43.0,321490,5,premium,1,2022-05-27,c7917eb830c4a33034fbad9980c7ea57,5,34389250,1,25.25,0.0,2022-11-18 15:48:53,11
1515,79553,36015,VI,VENETO,93263,1979-07-22,F,0,mail.ru,1.0,True,43.0,321490,5,premium,1,2022-05-27,c7917eb830c4a33034fbad9980c7ea57,5,34389264,1,51.0,0.0,2022-11-18 15:48:53,11
1516,79553,36015,VI,VENETO,93263,1979-07-22,F,0,mail.ru,1.0,True,43.0,321490,5,premium,1,2022-05-27,c7917eb830c4a33034fbad9980c7ea57,5,36318002,1,7.6,0.0,2022-11-18 15:48:53,8
1517,79553,36015,VI,VENETO,93263,1979-07-22,F,0,mail.ru,1.0,True,43.0,321490,5,premium,1,2022-05-27,72ac170bca12b2f0917e6b75883cc239,5,32055275,1,1.83,0.29,2023-03-30 20:24:46,3
1518,216511,181,RM,LAZIO,234763,1990-07-25,M,0,hotmail.com,1.0,False,32.0,141027,13,business standard,1,2022-03-07,0764213ae60a16a7a3e80cc6a0830134,37,36135855,1,1.99,0.49,2022-05-04 18:14:23,9
1522,216511,181,RM,LAZIO,234763,1990-07-25,M,0,hotmail.com,1.0,False,32.0,141027,13,business standard,1,2022-03-07,9cea4221459b91d88a180c9f55526cd0,37,34129305,1,12.75,0.0,2022-05-17 18:04:50,9
1526,216511,181,RM,LAZIO,234763,1990-07-25,M,0,hotmail.com,1.0,False,32.0,141027,13,business standard,1,2022-03-07,cd2f9c4c0800430618443f1bcc33caa2,37,36268946,1,3.85,0.0,2022-05-28 15:26:29,3
1530,216511,181,RM,LAZIO,234763,1990-07-25,M,0,hotmail.com,1.0,False,32.0,141027,13,business standard,1,2022-03-07,5d6b847d91120fc6ed01bff29417a6c6,33,35209202,1,0.99,0.0,2022-09-22 14:10:49,7
1534,287938,10154,TO,PIEMONTE,308545,1983-12-10,M,0,gmail.com,1.0,True,39.0,280415,2,premium,1,2022-05-08,c647768dd3be06b805db0f4c4b26aa79,2,36530704,1,13.1,1.31,2022-05-08 18:20:25,3
1537,287938,10154,TO,PIEMONTE,308545,1983-12-10,M,0,gmail.com,1.0,True,39.0,280415,2,premium,1,2022-05-08,c647768dd3be06b805db0f4c4b26aa79,2,35132664,1,12.1,1.21,2022-05-08 18:20:25,3
1540,287938,10154,TO,PIEMONTE,308545,1983-12-10,M,0,gmail.com,1.0,True,39.0,280415,2,premium,1,2022-05-08,1c2bb58c1b3bbbf1e051042e8100915d,2,35851074,1,1.8,0.0,2022-05-16 19:58:47,4
1543,287938,10154,TO,PIEMONTE,308545,1983-12-10,M,0,gmail.com,1.0,True,39.0,280415,2,premium,1,2022-05-08,1c2bb58c1b3bbbf1e051042e8100915d,2,35859005,1,3.6,0.0,2022-05-16 19:58:47,4
1546,287938,10154,TO,PIEMONTE,308545,1983-12-10,M,0,gmail.com,1.0,True,39.0,280415,2,premium,1,2022-05-08,1c2bb58c1b3bbbf1e051042e8100915d,2,36238020,1,0.3,0.0,2022-05-16 19:58:47,10
1547,287938,10154,TO,PIEMONTE,308545,1983-12-10,M,0,gmail.com,1.0,True,39.0,280415,2,premium,1,2022-05-08,56fced3a258b36de7e517379c5203600,2,36238020,1,0.3,0.0,2022-08-04 10:45:49,10
1552,287938,10154,TO,PIEMONTE,308545,1983-12-10,M,0,gmail.com,1.0,True,39.0,280415,2,premium,1,2022-05-08,1c2bb58c1b3bbbf1e051042e8100915d,2,32865063,1,3.0,0.0,2022-05-16 19:58:47,4
1555,287938,10154,TO,PIEMONTE,308545,1983-12-10,M,0,gmail.com,1.0,True,39.0,280415,2,premium,1,2022-05-08,7b89f691fbc6e7e9488d68f7fdcdf420,2,34981324,1,14.04,1.4,2022-05-21 10:20:29,3
1556,287938,10154,TO,PIEMONTE,308545,1983-12-10,M,0,gmail.com,1.0,True,39.0,280415,2,premium,1,2022-05-08,56fced3a258b36de7e517379c5203600,2,34981324,1,11.25,0.0,2022-08-04 10:45:49,3
1561,287938,10154,TO,PIEMONTE,308545,1983-12-10,M,0,gmail.com,1.0,True,39.0,280415,2,premium,1,2022-05-08,7b89f691fbc6e7e9488d68f7fdcdf420,2,34925191,1,37.9,3.79,2022-05-21 10:20:29,3
1564,287938,10154,TO,PIEMONTE,308545,1983-12-10,M,0,gmail.com,1.0,True,39.0,280415,2,premium,1,2022-05-08,7b89f691fbc6e7e9488d68f7fdcdf420,2,31125675,1,6.2,0.62,2022-05-21 10:20:29,7
1565,287938,10154,TO,PIEMONTE,308545,1983-12-10,M,0,gmail.com,1.0,True,39.0,280415,2,premium,1,2022-05-08,8fcadda61b99b6c52e9766a5741e9bb1,2,31125675,-1,-6.2,-0.62,2022-05-21 10:42:23,7
1570,287938,10154,TO,PIEMONTE,308545,1983-12-10,M,0,gmail.com,1.0,True,39.0,280415,2,premium,1,2022-05-08,7b89f691fbc6e7e9488d68f7fdcdf420,2,33884130,1,38.9,3.89,2022-05-21 10:20:29,3
1576,287938,10154,TO,PIEMONTE,308545,1983-12-10,M,0,gmail.com,1.0,True,39.0,280415,2,premium,1,2022-05-08,7b89f691fbc6e7e9488d68f7fdcdf420,2,36472415,1,119.0,11.9,2022-05-21 10:20:29,7
1579,287938,10154,TO,PIEMONTE,308545,1983-12-10,M,0,gmail.com,1.0,True,39.0,280415,2,premium,1,2022-05-08,8399d31e1d6794749a2381c6a3ee7cdc,2,31056312,1,159.2,15.92,2022-06-09 10:14:44,6
1582,287938,10154,TO,PIEMONTE,308545,1983-12-10,M,0,gmail.com,1.0,True,39.0,280415,2,premium,1,2022-05-08,f6bfd2b23f4b1855e27be2b08bf1aa00,2,35919870,1,2.49,0.25,2022-06-24 19:10:58,5
1585,287938,10154,TO,PIEMONTE,308545,1983-12-10,M,0,gmail.com,1.0,True,39.0,280415,2,premium,1,2022-05-08,f6bfd2b23f4b1855e27be2b08bf1aa00,2,35255360,1,69.9,6.99,2022-06-24 19:10:58,11
1588,287938,10154,TO,PIEMONTE,308545,1983-12-10,M,0,gmail.com,1.0,True,39.0,280415,2,premium,1,2022-05-08,f6bfd2b23f4b1855e27be2b08bf1aa00,2,35482566,1,19.98,2.0,2022-06-24 19:10:58,7
1591,287938,10154,TO,PIEMONTE,308545,1983-12-10,M,0,gmail.com,1.0,True,39.0,280415,2,premium,1,2022-05-08,f6bfd2b23f4b1855e27be2b08bf1aa00,2,35658966,1,11.5,1.15,2022-06-24 19:10:58,6
1594,287938,10154,TO,PIEMONTE,308545,1983-12-10,M,0,gmail.com,1.0,True,39.0,280415,2,premium,1,2022-05-08,9795de9e4046773b49576cf22a3d816c,2,35573174,1,7.95,0.0,2022-07-03 16:56:59,3
1597,287938,10154,TO,PIEMONTE,308545,1983-12-10,M,0,gmail.com,1.0,True,39.0,280415,2,premium,1,2022-05-08,9795de9e4046773b49576cf22a3d816c,2,34420680,1,1.85,0.0,2022-07-03 16:56:59,8
1600,287938,10154,TO,PIEMONTE,308545,1983-12-10,M,0,gmail.com,1.0,True,39.0,280415,2,premium,1,2022-05-08,971153ed2a5b372a7c5c38c1090b646b,2,36299641,1,69.9,6.99,2022-07-03 17:09:19,7
1603,157105,20847,MB,LOMBARDIA,173764,1981-07-10,M,0,hotmail.it,1.0,True,41.0,73708,34,standard,1,2022-02-06,cde117875336b41b5c8e2586ca900660,34,36299641,1,69.9,0.0,2022-08-16 16:21:57,7
1604,287938,10154,TO,PIEMONTE,308545,1983-12-10,M,0,gmail.com,1.0,True,39.0,280415,2,premium,1,2022-05-08,eba66f5fd686efaf9107d30e074c499e,2,31041780,1,2.14,0.0,2022-07-13 12:23:23,3
1607,287938,10154,TO,PIEMONTE,308545,1983-12-10,M,0,gmail.com,1.0,True,39.0,280415,2,premium,1,2022-05-08,577ec30b668531e8ac36c66ff374462c,2,48070302,1,24.99,24.99,2022-07-21 12:38:06,7
1610,287938,10154,TO,PIEMONTE,308545,1983-12-10,M,0,gmail.com,1.0,True,39.0,280415,2,premium,1,2022-05-08,56fced3a258b36de7e517379c5203600,2,34334643,1,29.0,0.0,2022-08-04 10:45:49,7
1613,632791,27100,PV,LOMBARDIA,431885,1957-03-08,M,0,live.it,1.0,True,66.0,433986,1,standard,1,2022-07-28,f046c7623d72346e6a9500d7da17e624,30,34334643,1,28.99,0.0,2023-02-08 19:14:11,7
1614,287938,10154,TO,PIEMONTE,308545,1983-12-10,M,0,gmail.com,1.0,True,39.0,280415,2,premium,1,2022-05-08,56fced3a258b36de7e517379c5203600,2,34498275,1,0.6,0.0,2022-08-04 10:45:49,3
1617,287938,10154,TO,PIEMONTE,308545,1983-12-10,M,0,gmail.com,1.0,True,39.0,280415,2,premium,1,2022-05-08,56fced3a258b36de7e517379c5203600,2,35156163,1,34.4,0.0,2022-08-04 10:45:49,7
1620,287938,10154,TO,PIEMONTE,308545,1983-12-10,M,0,gmail.com,1.0,True,39.0,280415,2,premium,1,2022-05-08,56fced3a258b36de7e517379c5203600,2,35761110,1,29.99,0.0,2022-08-04 10:45:49,7
1623,287938,10154,TO,PIEMONTE,308545,1983-12-10,M,0,gmail.com,1.0,True,39.0,280415,2,premium,1,2022-05-08,56fced3a258b36de7e517379c5203600,2,34498261,1,0.4,0.0,2022-08-04 10:45:49,3
1626,287938,10154,TO,PIEMONTE,308545,1983-12-10,M,0,gmail.com,1.0,True,39.0,280415,2,premium,1,2022-05-08,56fced3a258b36de7e517379c5203600,2,34578922,1,49.9,0.0,2022-08-04 10:45:49,7
1629,573710,12084,CN,PIEMONTE,589892,1972-05-09,F,0,personal_mail_provider_6056,0.0,True,51.0,542099,1,premium,1,2022-09-22,7c68074413f2ae02892a12acb2f5e7d1,45,34578922,1,49.9,4.99,2022-10-15 19:49:59,7
1636,287938,10154,TO,PIEMONTE,308545,1983-12-10,M,0,gmail.com,1.0,True,39.0,280415,2,premium,1,2022-05-08,56fced3a258b36de7e517379c5203600,2,34578950,1,49.9,0.0,2022-08-04 10:45:49,7
1639,573710,12084,CN,PIEMONTE,589892,1972-05-09,F,0,personal_mail_provider_6056,0.0,True,51.0,542099,1,premium,1,2022-09-22,7c68074413f2ae02892a12acb2f5e7d1,45,34578950,1,49.9,4.99,2022-10-15 19:49:59,7
1646,287938,10154,TO,PIEMONTE,308545,1983-12-10,M,0,gmail.com,1.0,True,39.0,280415,2,premium,1,2022-05-08,56fced3a258b36de7e517379c5203600,2,35156121,1,34.5,0.0,2022-08-04 10:45:49,7
1649,554455,6084,PG,UMBRIA,571716,1980-11-12,M,0,libero.it,1.0,True,42.0,520911,9,standard,1,2022-09-11,d180be4cdd1d4c01d55c95aa8a6299d3,9,33865951,1,1.6,0.0,2022-09-11 18:54:50,4
1652,554455,6084,PG,UMBRIA,571716,1980-11-12,M,0,libero.it,1.0,True,42.0,520911,9,standard,1,2022-09-11,708a2f044fe2a77339eee177a1211045,9,35315231,1,3.25,0.0,2022-12-31 11:20:54,11
1655,554455,6084,PG,UMBRIA,571716,1980-11-12,M,0,libero.it,1.0,True,42.0,520911,9,standard,1,2022-09-11,708a2f044fe2a77339eee177a1211045,9,35333116,1,1.99,0.0,2022-12-31 11:20:54,11
1658,554455,6084,PG,UMBRIA,571716,1980-11-12,M,0,libero.it,1.0,True,42.0,520911,9,standard,1,2022-09-11,708a2f044fe2a77339eee177a1211045,9,35454706,1,12.95,0.0,2022-12-31 11:20:54,11
1661,554455,6084,PG,UMBRIA,571716,1980-11-12,M,0,libero.it,1.0,True,42.0,520911,9,standard,1,2022-09-11,708a2f044fe2a77339eee177a1211045,9,82042968,1,2.95,0.0,2022-12-31 11:20:54,11
1664,554455,6084,PG,UMBRIA,571716,1980-11-12,M,0,libero.it,1.0,True,42.0,520911,9,standard,1,2022-09-11,708a2f044fe2a77339eee177a1211045,9,35836185,1,3.2,0.0,2022-12-31 11:20:54,4
1667,433014,20093,MI,LOMBARDIA,2344,1952-04-17,F,0,hotmail.it,1.0,True,71.0,387117,36,standard,1,2022-06-30,8ce4cd75175143b3a2bac15ab5285602,36,32079082,1,12.5,0.0,2022-06-30 15:28:51,3
1668,433014,20093,MI,LOMBARDIA,2344,1952-04-17,F,0,hotmail.it,1.0,True,71.0,387117,36,standard,1,2022-06-30,cd5a8a0d718872763176d49862e975e2,36,32079082,1,2.6,0.0,2023-01-06 20:02:16,3
1671,433014,20093,MI,LOMBARDIA,2344,1952-04-17,F,0,hotmail.it,1.0,True,71.0,387117,36,standard,1,2022-06-30,53cdd27cf04a925e2674945c34c5f0d2,10,32079082,1,5.4,0.0,2023-03-16 11:07:09,3
1682,433014,20093,MI,LOMBARDIA,2344,1952-04-17,F,0,hotmail.it,1.0,True,71.0,387117,36,standard,1,2022-06-30,8ce4cd75175143b3a2bac15ab5285602,36,35127225,1,11.16,0.0,2022-06-30 15:28:51,3
1683,433014,20093,MI,LOMBARDIA,2344,1952-04-17,F,0,hotmail.it,1.0,True,71.0,387117,36,standard,1,2022-06-30,93552ec831b5f409676b3bde6f6f0369,36,35127225,1,3.72,0.0,2022-09-15 17:36:54,3
1688,433014,20093,MI,LOMBARDIA,2344,1952-04-17,F,0,hotmail.it,1.0,True,71.0,387117,36,standard,1,2022-06-30,8ce4cd75175143b3a2bac15ab5285602,36,34903722,1,0.34,0.0,2022-06-30 15:28:51,10
1691,433014,20093,MI,LOMBARDIA,2344,1952-04-17,F,0,hotmail.it,1.0,True,71.0,387117,36,standard,1,2022-06-30,92432e458fbf2ec513c295fdbe767d2e,10,35315196,1,2.4,0.0,2022-08-25 20:06:27,11
1694,433014,20093,MI,LOMBARDIA,2344,1952-04-17,F,0,hotmail.it,1.0,True,71.0,387117,36,standard,1,2022-06-30,43c77243f78e15677edaf3d3e62652be,10,35411796,1,2.65,0.0,2022-09-30 17:47:41,11
1697,433014,20093,MI,LOMBARDIA,2344,1952-04-17,F,0,hotmail.it,1.0,True,71.0,387117,36,standard,1,2022-06-30,d3aaac9bfb8a63667fd0b712f29fe9ac,10,36298353,1,21.51,2.01,2022-11-01 16:50:24,3
1700,433014,20093,MI,LOMBARDIA,2344,1952-04-17,F,0,hotmail.it,1.0,True,71.0,387117,36,standard,1,2022-06-30,d3aaac9bfb8a63667fd0b712f29fe9ac,10,36298381,1,21.51,2.01,2022-11-01 16:50:24,3
1703,433014,20093,MI,LOMBARDIA,2344,1952-04-17,F,0,hotmail.it,1.0,True,71.0,387117,36,standard,1,2022-06-30,d3aaac9bfb8a63667fd0b712f29fe9ac,10,36298395,1,21.51,2.01,2022-11-01 16:50:24,3
1706,433014,20093,MI,LOMBARDIA,2344,1952-04-17,F,0,hotmail.it,1.0,True,71.0,387117,36,standard,1,2022-06-30,d3aaac9bfb8a63667fd0b712f29fe9ac,10,32078802,1,2.75,0.0,2022-11-01 16:50:24,3
1707,433014,20093,MI,LOMBARDIA,2344,1952-04-17,F,0,hotmail.it,1.0,True,71.0,387117,36,standard,1,2022-06-30,cd5a8a0d718872763176d49862e975e2,36,32078802,1,2.75,0.0,2023-01-06 20:02:16,3
1709,433014,20093,MI,LOMBARDIA,2344,1952-04-17,F,0,hotmail.it,1.0,True,71.0,387117,36,standard,1,2022-06-30,53cdd27cf04a925e2674945c34c5f0d2,10,32078802,1,5.8,0.0,2023-03-16 11:07:09,3
1718,433014,20093,MI,LOMBARDIA,2344,1952-04-17,F,0,hotmail.it,1.0,True,71.0,387117,36,standard,1,2022-06-30,f18f68217ee700df2dcbd5cedcd0e73a,10,35920976,1,63.77,0.0,2022-12-09 16:36:39,6
1721,433014,20093,MI,LOMBARDIA,2344,1952-04-17,F,0,hotmail.it,1.0,True,71.0,387117,36,standard,1,2022-06-30,d5d59a89005a28fa78874a126186f47d,10,35874062,1,0.55,0.0,2023-01-06 18:46:12,3
1724,433014,20093,MI,LOMBARDIA,2344,1952-04-17,F,0,hotmail.it,1.0,True,71.0,387117,36,standard,1,2022-06-30,cd5a8a0d718872763176d49862e975e2,36,32078795,1,10.0,0.0,2023-01-06 20:02:16,3
1725,433014,20093,MI,LOMBARDIA,2344,1952-04-17,F,0,hotmail.it,1.0,True,71.0,387117,36,standard,1,2022-06-30,53cdd27cf04a925e2674945c34c5f0d2,10,32078795,1,4.2,0.0,2023-03-16 11:07:09,3
1730,433014,20093,MI,LOMBARDIA,2344,1952-04-17,F,0,hotmail.it,1.0,True,71.0,387117,36,standard,1,2022-06-30,cd5a8a0d718872763176d49862e975e2,36,32078935,1,3.4,0.0,2023-01-06 20:02:16,3
1732,433014,20093,MI,LOMBARDIA,2344,1952-04-17,F,0,hotmail.it,1.0,True,71.0,387117,36,standard,1,2022-06-30,53cdd27cf04a925e2674945c34c5f0d2,10,32078935,1,10.65,0.0,2023-03-16 11:07:09,3
1739,433014,20093,MI,LOMBARDIA,2344,1952-04-17,F,0,hotmail.it,1.0,True,71.0,387117,36,standard,1,2022-06-30,cd5a8a0d718872763176d49862e975e2,36,32079103,1,19.55,0.0,2023-01-06 20:02:16,3
1745,433014,20093,MI,LOMBARDIA,2344,1952-04-17,F,0,hotmail.it,1.0,True,71.0,387117,36,standard,1,2022-06-30,cd5a8a0d718872763176d49862e975e2,36,32476192,1,1.75,0.0,2023-01-06 20:02:16,3
1748,433014,20093,MI,LOMBARDIA,2344,1952-04-17,F,0,hotmail.it,1.0,True,71.0,387117,36,standard,1,2022-06-30,cd5a8a0d718872763176d49862e975e2,36,32842551,1,8.0,0.0,2023-01-06 20:02:16,3
1754,433014,20093,MI,LOMBARDIA,2344,1952-04-17,F,0,hotmail.it,1.0,True,71.0,387117,36,standard,1,2022-06-30,cd5a8a0d718872763176d49862e975e2,36,32842761,1,2.95,0.0,2023-01-06 20:02:16,3
1757,433014,20093,MI,LOMBARDIA,2344,1952-04-17,F,0,hotmail.it,1.0,True,71.0,387117,36,standard,1,2022-06-30,cd5a8a0d718872763176d49862e975e2,36,32078970,1,29.25,0.0,2023-01-06 20:02:16,3
1763,433014,20093,MI,LOMBARDIA,2344,1952-04-17,F,0,hotmail.it,1.0,True,71.0,387117,36,standard,1,2022-06-30,cd5a8a0d718872763176d49862e975e2,36,36093953,1,8.02,0.0,2023-01-06 20:02:16,3
1766,433014,20093,MI,LOMBARDIA,2344,1952-04-17,F,0,hotmail.it,1.0,True,71.0,387117,36,standard,1,2022-06-30,cd5a8a0d718872763176d49862e975e2,36,32078830,1,7.95,0.0,2023-01-06 20:02:16,3
1769,433014,20093,MI,LOMBARDIA,2344,1952-04-17,F,0,hotmail.it,1.0,True,71.0,387117,36,standard,1,2022-06-30,82e7f69b21cfad7c724c87ae39fe908a,36,35901810,1,11.9,0.0,2023-04-12 10:21:43,13
1770,433014,20093,MI,LOMBARDIA,2344,1952-04-17,F,0,hotmail.it,1.0,True,71.0,387117,36,standard,1,2022-06-30,2ec93399431b33bdab75943e6e2ecdef,36,35901810,-1,-11.9,0.0,2023-04-12 18:56:52,13
1775,433014,20093,MI,LOMBARDIA,2344,1952-04-17,F,0,hotmail.it,1.0,True,71.0,387117,36,standard,1,2022-06-30,82e7f69b21cfad7c724c87ae39fe908a,36,35901803,1,10.99,0.0,2023-04-12 10:21:43,13
1778,329632,43035,PR,EMILIA ROMAGNA,350862,1974-09-08,M,0,yahoo.com,1.0,True,48.0,268698,1,standard,1,2022-05-03,87806c45b9e7c9aa7429de5af284473b,11,36325170,1,299.0,0.0,2022-05-14 13:52:43,2
1780,625186,81033,CE,CAMPANIA,641026,1983-05-06,F,0,gmail.com,1.0,True,40.0,599593,35,standard,1,2022-10-23,be06718ab92c97fc484b728341776a3c,35,36317862,1,12.9,0.0,2022-11-15 17:36:04,8
1781,625186,81033,CE,CAMPANIA,641026,1983-05-06,F,0,gmail.com,1.0,True,40.0,599593,35,standard,1,2022-10-23,a34ae6815ac127b8db18f047b57b2ba2,35,33892572,1,1.35,0.0,2022-11-16 09:08:58,3
1782,667413,25100,BS,LOMBARDIA,682978,1970-04-09,M,0,gmail.com,1.0,True,53.0,646730,48,premium,1,2022-11-13,61e330d2b7ddcea883c0d3114cbf846b,48,32670435,1,2.4,0.0,2022-11-13 18:08:59,4
1785,667413,25100,BS,LOMBARDIA,682978,1970-04-09,M,0,gmail.com,1.0,True,53.0,646730,48,premium,1,2022-11-13,61e330d2b7ddcea883c0d3114cbf846b,48,34554324,1,6.99,0.0,2022-11-13 18:08:59,12
1788,186141,31100,TV,VENETO,203601,1970-01-14,M,0,gmail.com,1.0,True,53.0,106424,22,standard,1,2022-02-21,7b917bddf4ec924c460212ae71ad5f3c,22,36547973,1,3.99,0.0,2023-02-13 17:17:02,7
1795,186141,31100,TV,VENETO,203601,1970-01-14,M,0,gmail.com,1.0,True,53.0,106424,22,standard,1,2022-02-21,2f2ab02212de0866cfd924d7512aea9a,22,35754572,1,2.15,0.0,2023-04-03 17:48:14,10
1802,164685,20090,MI,LOMBARDIA,181555,1965-11-02,M,0,gmail.com,1.0,True,57.0,83482,36,standard,1,2022-02-11,94be9c7634379bc9c84d2cd1c2a30bcd,43,35754572,1,2.0,0.0,2022-10-27 12:44:12,10
1837,164685,20090,MI,LOMBARDIA,181555,1965-11-02,M,0,gmail.com,1.0,True,57.0,83482,36,standard,1,2022-02-11,bbb44f04fe598490acabba3c94934b4a,43,34947934,1,1.95,0.0,2022-09-30 18:01:05,11
1839,164685,20090,MI,LOMBARDIA,181555,1965-11-02,M,0,gmail.com,1.0,True,57.0,83482,36,standard,1,2022-02-11,e52e8d7873f7c07eef0f969b41f63e26,43,34947934,1,1.95,0.0,2022-12-27 17:37:29,11
1841,164685,20090,MI,LOMBARDIA,181555,1965-11-02,M,0,gmail.com,1.0,True,57.0,83482,36,standard,1,2022-02-11,368409ff77b3313403f57a636550f706,43,34947934,1,3.9,0.0,2023-04-06 19:53:22,11
2012,164685,20090,MI,LOMBARDIA,181555,1965-11-02,M,0,gmail.com,1.0,True,57.0,83482,36,standard,1,2022-02-11,94be9c7634379bc9c84d2cd1c2a30bcd,43,35931280,1,1.3,0.0,2022-10-27 12:44:12,3
2082,164685,20090,MI,LOMBARDIA,181555,1965-11-02,M,0,gmail.com,1.0,True,57.0,83482,36,standard,1,2022-02-11,e52e8d7873f7c07eef0f969b41f63e26,43,35649740,1,1.55,0.0,2022-12-27 17:37:29,11
2152,164685,20090,MI,LOMBARDIA,181555,1965-11-02,M,0,gmail.com,1.0,True,57.0,83482,36,standard,1,2022-02-11,41c2f5b9c5b6a8d8d04d4cc4d91deab8,17,81259556,1,19.99,0.0,2023-03-21 13:26:15,13
2187,164685,20090,MI,LOMBARDIA,181555,1965-11-02,M,0,gmail.com,1.0,True,57.0,83482,36,standard,1,2022-02-11,b70ac6211b7429cb95ca23fd19268459,17,36097180,1,5.0,0.0,2023-03-29 13:11:20,10
2257,164685,20090,MI,LOMBARDIA,181555,1965-11-02,M,0,gmail.com,1.0,True,57.0,83482,36,standard,1,2022-02-11,368409ff77b3313403f57a636550f706,43,36578346,1,14.9,0.0,2023-04-06 19:53:22,7
2292,164685,20090,MI,LOMBARDIA,181555,1965-11-02,M,0,gmail.com,1.0,True,57.0,83482,36,standard,1,2022-02-11,368409ff77b3313403f57a636550f706,43,34266421,1,7.96,0.0,2023-04-06 19:53:22,14
2327,164685,20090,MI,LOMBARDIA,181555,1965-11-02,M,0,gmail.com,1.0,True,57.0,83482,36,standard,1,2022-02-11,368409ff77b3313403f57a636550f706,43,34867812,1,4.99,0.0,2023-04-06 19:53:22,14
2362,511610,40132,BO,EMILIA ROMAGNA,531249,1980-11-21,M,0,mail.ru,1.0,True,42.0,474810,14,standard,1,2022-08-18,6a34e81c41df698abe3cc15460d08b92,14,35819063,1,7.98,0.0,2022-08-18 20:23:38,12
2363,511610,40132,BO,EMILIA ROMAGNA,531249,1980-11-21,M,0,mail.ru,1.0,True,42.0,474810,14,standard,1,2022-08-18,bfb26aea58ea0d790733f1cde32195cb,41,36590106,1,16.99,0.0,2022-09-28 18:11:47,9
2364,899892,30021,VE,VENETO,934716,1988-02-24,M,0,0,0.0,True,35.0,927938,44,standard,1,2023-04-30,d4c3ac4258e22ccdefc09a4e34e77d2c,44,36161790,1,6.99,0.0,2023-04-30 20:26:41,9
2365,632791,27100,PV,LOMBARDIA,431885,1957-03-08,M,0,live.it,1.0,True,66.0,433986,1,standard,1,2022-07-28,3f5fa4ce4c0506594a50ecda020492e3,32,31257443,1,5.99,0.0,2023-02-02 10:04:34,11
2366,632791,27100,PV,LOMBARDIA,431885,1957-03-08,M,0,live.it,1.0,True,66.0,433986,1,standard,1,2022-07-28,75a720444d313720b348da404ccf015e,30,35931462,1,1.4,0.13,2023-02-16 16:58:55,3
2367,632791,27100,PV,LOMBARDIA,431885,1957-03-08,M,0,live.it,1.0,True,66.0,433986,1,standard,1,2022-07-28,fd47b6e1614d46895f7d7d83b3eff4f9,30,36214472,1,25.0,0.0,2023-03-25 19:20:02,7
2368,211837,20135,MI,LOMBARDIA,229985,1985-03-12,M,0,tiscali.it,1.0,True,38.0,135764,43,standard,1,2022-03-05,8cf71d58cf56c39b3cc0de550629fc60,10,31482164,1,15.75,0.0,2022-05-13 12:09:47,9
2371,211837,20135,MI,LOMBARDIA,229985,1985-03-12,M,0,tiscali.it,1.0,True,38.0,135764,43,standard,1,2022-03-05,8cf71d58cf56c39b3cc0de550629fc60,10,35556311,1,4.99,0.0,2022-05-13 12:09:47,9
2374,399347,80132,0,CAMPANIA,420521,1981-08-06,F,0,libero.it,1.0,True,41.0,348662,38,standard,1,2022-06-10,b50df17e92458f5d34cef7a8208d90f6,38,35616812,1,4.9,0.0,2022-06-10 14:07:33,3
2375,399347,80132,0,CAMPANIA,420521,1981-08-06,F,0,libero.it,1.0,True,41.0,348662,38,standard,1,2022-06-10,b50df17e92458f5d34cef7a8208d90f6,38,36331232,1,2.99,0.0,2022-06-10 14:07:33,2
2376,157105,20847,MB,LOMBARDIA,173764,1981-07-10,M,0,hotmail.it,1.0,True,41.0,73708,34,standard,1,2022-02-06,fc0a1ea048f1575372bb8252a39cbb67,34,35738822,1,3.45,0.0,2022-08-12 15:51:43,11
2377,157105,20847,MB,LOMBARDIA,173764,1981-07-10,M,0,hotmail.it,1.0,True,41.0,73708,34,standard,1,2022-02-06,fc0a1ea048f1575372bb8252a39cbb67,34,36301685,1,19.95,0.0,2022-08-12 15:51:43,13
2378,157105,20847,MB,LOMBARDIA,173764,1981-07-10,M,0,hotmail.it,1.0,True,41.0,73708,34,standard,1,2022-02-06,cde117875336b41b5c8e2586ca900660,34,35915712,1,14.99,0.0,2022-08-16 16:21:57,5
2379,34055,56123,PI,TOSCANA,40587,1983-05-15,M,0,gmail.com,1.0,True,40.0,744119,19,standard,1,2023-01-09,16f06511874b85b509997c19734619ca,19,35611086,1,8.9,0.0,2023-01-09 14:05:01,3
2380,573710,12084,CN,PIEMONTE,589892,1972-05-09,F,0,personal_mail_provider_6056,0.0,True,51.0,542099,1,premium,1,2022-09-22,7c68074413f2ae02892a12acb2f5e7d1,45,36136240,1,95.0,9.5,2022-10-15 19:49:59,7
2387,573710,12084,CN,PIEMONTE,589892,1972-05-09,F,0,personal_mail_provider_6056,0.0,True,51.0,542099,1,premium,1,2022-09-22,7c68074413f2ae02892a12acb2f5e7d1,45,36136366,1,95.0,9.5,2022-10-15 19:49:59,7
2394,573710,12084,CN,PIEMONTE,589892,1972-05-09,F,0,personal_mail_provider_6056,0.0,True,51.0,542099,1,premium,1,2022-09-22,7c68074413f2ae02892a12acb2f5e7d1,45,36136254,1,45.0,4.5,2022-10-15 19:49:59,7
2401,573710,12084,CN,PIEMONTE,589892,1972-05-09,F,0,personal_mail_provider_6056,0.0,True,51.0,542099,1,premium,1,2022-09-22,7c68074413f2ae02892a12acb2f5e7d1,45,35212254,1,99.0,9.9,2022-10-15 19:49:59,7
2408,573710,12084,CN,PIEMONTE,589892,1972-05-09,F,0,personal_mail_provider_6056,0.0,True,51.0,542099,1,premium,1,2022-09-22,7c68074413f2ae02892a12acb2f5e7d1,45,35160762,1,69.0,6.9,2022-10-15 19:49:59,7
2415,573710,12084,CN,PIEMONTE,589892,1972-05-09,F,0,personal_mail_provider_6056,0.0,True,51.0,542099,1,premium,1,2022-09-22,ef247ba08c99113cb1dc9b750c627607,45,36561413,1,33.0,3.3,2022-12-22 17:48:48,7
2422,573710,12084,CN,PIEMONTE,589892,1972-05-09,F,0,personal_mail_provider_6056,0.0,True,51.0,542099,1,premium,1,2022-09-22,b98c18f96112faa2d318ca4afadbdc81,45,34320314,1,6.99,0.0,2023-04-18 18:25:29,7
2429,573710,12084,CN,PIEMONTE,589892,1972-05-09,F,0,personal_mail_provider_6056,0.0,True,51.0,542099,1,premium,1,2022-09-22,b98c18f96112faa2d318ca4afadbdc81,45,30126292,1,1.79,0.0,2023-04-18 18:25:29,11
2436,573710,12084,CN,PIEMONTE,589892,1972-05-09,F,0,personal_mail_provider_6056,0.0,True,51.0,542099,1,premium,1,2022-09-22,b98c18f96112faa2d318ca4afadbdc81,45,34085401,1,5.99,0.0,2023-04-18 18:25:29,7
2443,573710,12084,CN,PIEMONTE,589892,1972-05-09,F,0,personal_mail_provider_6056,0.0,True,51.0,542099,1,premium,1,2022-09-22,b98c18f96112faa2d318ca4afadbdc81,45,32272436,1,3.5,0.0,2023-04-18 18:25:29,7
2450,573710,12084,CN,PIEMONTE,589892,1972-05-09,F,0,personal_mail_provider_6056,0.0,True,51.0,542099,1,premium,1,2022-09-22,b98c18f96112faa2d318ca4afadbdc81,45,30062452,1,3.9,0.0,2023-04-18 18:25:29,11
2457,573710,12084,CN,PIEMONTE,589892,1972-05-09,F,0,personal_mail_provider_6056,0.0,True,51.0,542099,1,premium,1,2022-09-22,b98c18f96112faa2d318ca4afadbdc81,45,35738864,1,1.99,0.0,2023-04-18 18:25:29,11
2464,573710,12084,CN,PIEMONTE,589892,1972-05-09,F,0,personal_mail_provider_6056,0.0,True,51.0,542099,1,premium,1,2022-09-22,b98c18f96112faa2d318ca4afadbdc81,45,35738850,1,2.49,0.0,2023-04-18 18:25:29,11
2471,573710,12084,CN,PIEMONTE,589892,1972-05-09,F,0,personal_mail_provider_6056,0.0,True,51.0,542099,1,premium,1,2022-09-22,b98c18f96112faa2d318ca4afadbdc81,45,35196315,1,3.55,0.0,2023-04-18 18:25:29,11
2478,573710,12084,CN,PIEMONTE,589892,1972-05-09,F,0,personal_mail_provider_6056,0.0,True,51.0,542099,1,premium,1,2022-09-22,b98c18f96112faa2d318ca4afadbdc81,45,36509193,1,16.5,0.0,2023-04-18 18:25:29,7
2485,769713,22072,CO,LOMBARDIA,785061,1976-12-13,F,0,gmail.com,1.0,True,46.0,760412,15,standard,1,2023-01-20,e5b31a4059a55ddd5b390c0fbd28a279,15,34686834,1,7.95,0.0,2023-01-20 12:09:07,11
2486,769713,22072,CO,LOMBARDIA,785061,1976-12-13,F,0,gmail.com,1.0,True,46.0,760412,15,standard,1,2023-01-20,e5b31a4059a55ddd5b390c0fbd28a279,15,35940576,1,1.8,0.0,2023-01-20 12:09:07,10
